day,earlier_rows,earlier_first_price,earlier_last_price,earlier_first_write,earlier_last_write,earlier_flags,earlier_write_dates,corrupted_rows,corrupted_first_price,corrupted_last_price,corrupted_first_write,corrupted_last_write,corrupted_flags,corrupted_write_dates,repaired_rows,repaired_first_price,repaired_last_price,repaired_first_write,repaired_last_write,repaired_flags,repaired_write_dates,previous_usable_status,reference_state,reference_admission,projection_state,projection_admission,projection_block_reason,projection_bucket,projection_permission_observed_at,projection_permission_provenance,projection_permission_observation_id,projection_capacity_observed_at,projection_evidence_available_at,projection_deposit_closed_reason,projection_max_deposit,projection_permission_age_hours,projection_matches_reference,sidecar_state,sidecar_admission,sidecar_block_reason,sidecar_bucket,sidecar_permission_observed_at,sidecar_permission_provenance,sidecar_permission_observation_id,sidecar_capacity_observed_at,sidecar_evidence_available_at,sidecar_deposit_closed_reason,sidecar_max_deposit,sidecar_permission_age_hours,sidecar_matches_reference
2026-01-01,0,,,,,—,—,0,,,,,—,—,0,,,,,—,—,Unknown,Unknown,Assumed open,Unknown,Assumed open,None,2026-01-01,,corrupted_unknown,,,,,,,True,Unknown,Assumed open,None,2026-01-01,,corrupted_unknown,,,,,,,True
2026-01-02,0,,,,,—,—,0,,,,,—,—,0,,,,,—,—,Unknown,Unknown,Assumed open,Unknown,Assumed open,None,2026-01-01,,corrupted_unknown,,,,,,,True,Unknown,Assumed open,None,2026-01-01,,corrupted_unknown,,,,,,,True
2026-01-03,0,,,,,—,—,0,,,,,—,—,0,,,,,—,—,Unknown,Unknown,Assumed open,Unknown,Assumed open,None,2026-01-01,,corrupted_unknown,,,,,,,True,Unknown,Assumed open,None,2026-01-01,,corrupted_unknown,,,,,,,True
2026-01-04,0,,,,,—,—,0,,,,,—,—,0,,,,,—,—,Unknown,Unknown,Assumed open,Unknown,Assumed open,None,2026-01-01,,corrupted_unknown,,,,,,,True,Unknown,Assumed open,None,2026-01-01,,corrupted_unknown,,,,,,,True
2026-01-05,0,,,,,—,—,0,,,,,—,—,0,,,,,—,—,Unknown,Unknown,Assumed open,Unknown,Assumed open,None,2026-01-01,,corrupted_unknown,,,,,,,True,Unknown,Assumed open,None,2026-01-01,,corrupted_unknown,,,,,,,True
2026-01-06,0,,,,,—,—,0,,,,,—,—,0,,,,,—,—,Unknown,Unknown,Assumed open,Unknown,Assumed open,None,2026-01-01,,corrupted_unknown,,,,,,,True,Unknown,Assumed open,None,2026-01-01,,corrupted_unknown,,,,,,,True
2026-01-07,2,2026-01-07 00:00:00.000,2026-01-07 23:20:00.097,2026-04-10 17:08:05.010,2026-04-10 22:07:40.189,Unknown,2026-04-10,2,2026-01-07 00:00:00.000,2026-01-07 23:20:00.097,2026-04-10 17:08:05.010,2026-04-10 22:07:40.189,Unknown,2026-04-10,2,2026-01-07 00:00:00.000,2026-01-07 23:20:00.097,2026-04-10 17:08:05.010,2026-04-10 22:07:40.189,Unknown,2026-04-10,Unknown,Unknown,Assumed open,Unknown,Assumed open,None,2026-01-07,,corrupted_unknown,,,,,,,True,Unknown,Assumed open,None,2026-01-07,,corrupted_unknown,,,,,,,True
2026-01-08,0,,,,,—,—,0,,,,,—,—,0,,,,,—,—,Unknown,Unknown,Assumed open,Unknown,Assumed open,None,2026-01-08,,corrupted_unknown,,,,,,,True,Unknown,Assumed open,None,2026-01-08,,corrupted_unknown,,,,,,,True
2026-01-09,0,,,,,—,—,0,,,,,—,—,0,,,,,—,—,Unknown,Unknown,Assumed open,Unknown,Assumed open,None,2026-01-08,,corrupted_unknown,,,,,,,True,Unknown,Assumed open,None,2026-01-08,,corrupted_unknown,,,,,,,True
2026-01-10,0,,,,,—,—,0,,,,,—,—,0,,,,,—,—,Unknown,Unknown,Assumed open,Unknown,Assumed open,None,2026-01-08,,corrupted_unknown,,,,,,,True,Unknown,Assumed open,None,2026-01-08,,corrupted_unknown,,,,,,,True
2026-01-11,0,,,,,—,—,0,,,,,—,—,0,,,,,—,—,Unknown,Unknown,Assumed open,Unknown,Assumed open,None,2026-01-08,,corrupted_unknown,,,,,,,True,Unknown,Assumed open,None,2026-01-08,,corrupted_unknown,,,,,,,True
2026-01-12,0,,,,,—,—,0,,,,,—,—,0,,,,,—,—,Unknown,Unknown,Assumed open,Unknown,Assumed open,None,2026-01-08,,corrupted_unknown,,,,,,,True,Unknown,Assumed open,None,2026-01-08,,corrupted_unknown,,,,,,,True
2026-01-13,0,,,,,—,—,0,,,,,—,—,0,,,,,—,—,Unknown,Unknown,Assumed open,Unknown,Assumed open,None,2026-01-08,,corrupted_unknown,,,,,,,True,Unknown,Assumed open,None,2026-01-08,,corrupted_unknown,,,,,,,True
2026-01-14,2,2026-01-14 00:00:00.000,2026-01-14 23:40:00.017,2026-04-10 17:08:05.010,2026-04-10 22:07:40.189,Unknown,2026-04-10,2,2026-01-14 00:00:00.000,2026-01-14 23:40:00.017,2026-04-10 17:08:05.010,2026-04-10 22:07:40.189,Unknown,2026-04-10,2,2026-01-14 00:00:00.000,2026-01-14 23:40:00.017,2026-04-10 17:08:05.010,2026-04-10 22:07:40.189,Unknown,2026-04-10,Unknown,Unknown,Assumed open,Unknown,Assumed open,None,2026-01-14,,corrupted_unknown,,,,,,,True,Unknown,Assumed open,None,2026-01-14,,corrupted_unknown,,,,,,,True
2026-01-15,0,,,,,—,—,0,,,,,—,—,0,,,,,—,—,Unknown,Unknown,Assumed open,Unknown,Assumed open,None,2026-01-15,,corrupted_unknown,,,,,,,True,Unknown,Assumed open,None,2026-01-15,,corrupted_unknown,,,,,,,True
2026-01-16,0,,,,,—,—,0,,,,,—,—,0,,,,,—,—,Unknown,Unknown,Assumed open,Unknown,Assumed open,None,2026-01-15,,corrupted_unknown,,,,,,,True,Unknown,Assumed open,None,2026-01-15,,corrupted_unknown,,,,,,,True
2026-01-17,0,,,,,—,—,0,,,,,—,—,0,,,,,—,—,Unknown,Unknown,Assumed open,Unknown,Assumed open,None,2026-01-15,,corrupted_unknown,,,,,,,True,Unknown,Assumed open,None,2026-01-15,,corrupted_unknown,,,,,,,True
2026-01-18,1,2026-01-18 00:00:00.000,2026-01-18 00:00:00.000,,,Unknown,—,1,2026-01-18 00:00:00.000,2026-01-18 00:00:00.000,,,Unknown,—,1,2026-01-18 00:00:00.000,2026-01-18 00:00:00.000,,,Unknown,—,Unknown,Unknown,Assumed open,Unknown,Assumed open,None,2026-01-18,,corrupted_unknown,,,,,,,True,Unknown,Assumed open,None,2026-01-18,,corrupted_unknown,,,,,,,True
2026-01-19,0,,,,,—,—,0,,,,,—,—,0,,,,,—,—,Unknown,Unknown,Assumed open,Unknown,Assumed open,None,2026-01-18,,corrupted_unknown,,,,,,,True,Unknown,Assumed open,None,2026-01-18,,corrupted_unknown,,,,,,,True
2026-01-20,1,2026-01-20 00:00:00.000,2026-01-20 00:00:00.000,,,Unknown,—,1,2026-01-20 00:00:00.000,2026-01-20 00:00:00.000,,,Unknown,—,1,2026-01-20 00:00:00.000,2026-01-20 00:00:00.000,,,Unknown,—,Unknown,Unknown,Assumed open,Unknown,Assumed open,None,2026-01-20,,corrupted_unknown,,,,,,,True,Unknown,Assumed open,None,2026-01-20,,corrupted_unknown,,,,,,,True
2026-01-21,2,2026-01-21 00:00:00.000,2026-01-21 21:40:00.070,2026-04-10 17:08:05.010,2026-04-10 22:07:40.189,Unknown,2026-04-10,2,2026-01-21 00:00:00.000,2026-01-21 21:40:00.070,2026-04-10 17:08:05.010,2026-04-10 22:07:40.189,Unknown,2026-04-10,2,2026-01-21 00:00:00.000,2026-01-21 21:40:00.070,2026-04-10 17:08:05.010,2026-04-10 22:07:40.189,Unknown,2026-04-10,Unknown,Unknown,Assumed open,Unknown,Assumed open,None,2026-01-21,,corrupted_unknown,,,,,,,True,Unknown,Assumed open,None,2026-01-21,,corrupted_unknown,,,,,,,True
2026-01-22,0,,,,,—,—,0,,,,,—,—,0,,,,,—,—,Unknown,Unknown,Assumed open,Unknown,Assumed open,None,2026-01-22,,corrupted_unknown,,,,,,,True,Unknown,Assumed open,None,2026-01-22,,corrupted_unknown,,,,,,,True
2026-01-23,1,2026-01-23 00:00:00.000,2026-01-23 00:00:00.000,,,Unknown,—,1,2026-01-23 00:00:00.000,2026-01-23 00:00:00.000,,,Unknown,—,1,2026-01-23 00:00:00.000,2026-01-23 00:00:00.000,,,Unknown,—,Unknown,Unknown,Assumed open,Unknown,Assumed open,None,2026-01-23,,corrupted_unknown,,,,,,,True,Unknown,Assumed open,None,2026-01-23,,corrupted_unknown,,,,,,,True
2026-01-24,1,2026-01-24 00:00:00.000,2026-01-24 00:00:00.000,,,Unknown,—,1,2026-01-24 00:00:00.000,2026-01-24 00:00:00.000,,,Unknown,—,1,2026-01-24 00:00:00.000,2026-01-24 00:00:00.000,,,Unknown,—,Unknown,Unknown,Assumed open,Unknown,Assumed open,None,2026-01-24,,corrupted_unknown,,,,,,,True,Unknown,Assumed open,None,2026-01-24,,corrupted_unknown,,,,,,,True
2026-01-25,1,2026-01-25 00:00:00.000,2026-01-25 00:00:00.000,,,Unknown,—,1,2026-01-25 00:00:00.000,2026-01-25 00:00:00.000,,,Unknown,—,1,2026-01-25 00:00:00.000,2026-01-25 00:00:00.000,,,Unknown,—,Unknown,Unknown,Assumed open,Unknown,Assumed open,None,2026-01-25,,corrupted_unknown,,,,,,,True,Unknown,Assumed open,None,2026-01-25,,corrupted_unknown,,,,,,,True
2026-01-26,1,2026-01-26 00:00:00.000,2026-01-26 00:00:00.000,,,Unknown,—,1,2026-01-26 00:00:00.000,2026-01-26 00:00:00.000,,,Unknown,—,1,2026-01-26 00:00:00.000,2026-01-26 00:00:00.000,,,Unknown,—,Unknown,Unknown,Assumed open,Unknown,Assumed open,None,2026-01-26,,corrupted_unknown,,,,,,,True,Unknown,Assumed open,None,2026-01-26,,corrupted_unknown,,,,,,,True
2026-01-27,1,2026-01-27 00:00:00.000,2026-01-27 00:00:00.000,,,Unknown,—,1,2026-01-27 00:00:00.000,2026-01-27 00:00:00.000,,,Unknown,—,1,2026-01-27 00:00:00.000,2026-01-27 00:00:00.000,,,Unknown,—,Unknown,Unknown,Assumed open,Unknown,Assumed open,None,2026-01-27,,corrupted_unknown,,,,,,,True,Unknown,Assumed open,None,2026-01-27,,corrupted_unknown,,,,,,,True
2026-01-28,2,2026-01-28 00:00:00.000,2026-01-28 23:20:00.120,2026-04-10 17:08:05.010,2026-04-10 22:07:40.189,Unknown,2026-04-10,2,2026-01-28 00:00:00.000,2026-01-28 23:20:00.120,2026-04-10 17:08:05.010,2026-04-10 22:07:40.189,Unknown,2026-04-10,2,2026-01-28 00:00:00.000,2026-01-28 23:20:00.120,2026-04-10 17:08:05.010,2026-04-10 22:07:40.189,Unknown,2026-04-10,Unknown,Unknown,Assumed open,Unknown,Assumed open,None,2026-01-28,,corrupted_unknown,,,,,,,True,Unknown,Assumed open,None,2026-01-28,,corrupted_unknown,,,,,,,True
2026-01-29,1,2026-01-29 00:00:00.000,2026-01-29 00:00:00.000,,,Unknown,—,1,2026-01-29 00:00:00.000,2026-01-29 00:00:00.000,,,Unknown,—,1,2026-01-29 00:00:00.000,2026-01-29 00:00:00.000,,,Unknown,—,Unknown,Unknown,Assumed open,Unknown,Assumed open,None,2026-01-29,,corrupted_unknown,,,,,,,True,Unknown,Assumed open,None,2026-01-29,,corrupted_unknown,,,,,,,True
2026-01-30,1,2026-01-30 00:00:00.000,2026-01-30 00:00:00.000,,,Unknown,—,1,2026-01-30 00:00:00.000,2026-01-30 00:00:00.000,,,Unknown,—,1,2026-01-30 00:00:00.000,2026-01-30 00:00:00.000,,,Unknown,—,Unknown,Unknown,Assumed open,Unknown,Assumed open,None,2026-01-30,,corrupted_unknown,,,,,,,True,Unknown,Assumed open,None,2026-01-30,,corrupted_unknown,,,,,,,True
2026-01-31,1,2026-01-31 00:00:00.000,2026-01-31 00:00:00.000,,,Unknown,—,1,2026-01-31 00:00:00.000,2026-01-31 00:00:00.000,,,Unknown,—,1,2026-01-31 00:00:00.000,2026-01-31 00:00:00.000,,,Unknown,—,Unknown,Unknown,Assumed open,Unknown,Assumed open,None,2026-01-31,,corrupted_unknown,,,,,,,True,Unknown,Assumed open,None,2026-01-31,,corrupted_unknown,,,,,,,True
2026-02-01,1,2026-02-01 00:00:00.000,2026-02-01 00:00:00.000,,,Unknown,—,1,2026-02-01 00:00:00.000,2026-02-01 00:00:00.000,,,Unknown,—,1,2026-02-01 00:00:00.000,2026-02-01 00:00:00.000,,,Unknown,—,Unknown,Unknown,Assumed open,Unknown,Assumed open,None,2026-02-01,,corrupted_unknown,,,,,,,True,Unknown,Assumed open,None,2026-02-01,,corrupted_unknown,,,,,,,True
2026-02-02,1,2026-02-02 00:00:00.000,2026-02-02 00:00:00.000,,,Unknown,—,1,2026-02-02 00:00:00.000,2026-02-02 00:00:00.000,,,Unknown,—,1,2026-02-02 00:00:00.000,2026-02-02 00:00:00.000,,,Unknown,—,Unknown,Unknown,Assumed open,Unknown,Assumed open,None,2026-02-02,,corrupted_unknown,,,,,,,True,Unknown,Assumed open,None,2026-02-02,,corrupted_unknown,,,,,,,True
2026-02-03,1,2026-02-03 00:00:00.000,2026-02-03 00:00:00.000,,,Unknown,—,1,2026-02-03 00:00:00.000,2026-02-03 00:00:00.000,,,Unknown,—,1,2026-02-03 00:00:00.000,2026-02-03 00:00:00.000,,,Unknown,—,Unknown,Unknown,Assumed open,Unknown,Assumed open,None,2026-02-03,,corrupted_unknown,,,,,,,True,Unknown,Assumed open,None,2026-02-03,,corrupted_unknown,,,,,,,True
2026-02-04,2,2026-02-04 00:00:00.000,2026-02-04 23:00:00.022,2026-04-10 17:08:05.010,2026-04-10 22:07:40.189,Unknown,2026-04-10,2,2026-02-04 00:00:00.000,2026-02-04 23:00:00.022,2026-04-10 17:08:05.010,2026-04-10 22:07:40.189,Unknown,2026-04-10,2,2026-02-04 00:00:00.000,2026-02-04 23:00:00.022,2026-04-10 17:08:05.010,2026-04-10 22:07:40.189,Unknown,2026-04-10,Unknown,Unknown,Assumed open,Unknown,Assumed open,None,2026-02-04,,corrupted_unknown,,,,,,,True,Unknown,Assumed open,None,2026-02-04,,corrupted_unknown,,,,,,,True
2026-02-05,1,2026-02-05 00:00:00.000,2026-02-05 00:00:00.000,,,Unknown,—,1,2026-02-05 00:00:00.000,2026-02-05 00:00:00.000,,,Unknown,—,1,2026-02-05 00:00:00.000,2026-02-05 00:00:00.000,,,Unknown,—,Unknown,Unknown,Assumed open,Unknown,Assumed open,None,2026-02-05,,corrupted_unknown,,,,,,,True,Unknown,Assumed open,None,2026-02-05,,corrupted_unknown,,,,,,,True
2026-02-06,1,2026-02-06 00:00:00.000,2026-02-06 00:00:00.000,,,Unknown,—,1,2026-02-06 00:00:00.000,2026-02-06 00:00:00.000,,,Unknown,—,1,2026-02-06 00:00:00.000,2026-02-06 00:00:00.000,,,Unknown,—,Unknown,Unknown,Assumed open,Unknown,Assumed open,None,2026-02-06,,corrupted_unknown,,,,,,,True,Unknown,Assumed open,None,2026-02-06,,corrupted_unknown,,,,,,,True
2026-02-07,1,2026-02-07 00:00:00.000,2026-02-07 00:00:00.000,,,Unknown,—,1,2026-02-07 00:00:00.000,2026-02-07 00:00:00.000,,,Unknown,—,1,2026-02-07 00:00:00.000,2026-02-07 00:00:00.000,,,Unknown,—,Unknown,Unknown,Assumed open,Unknown,Assumed open,None,2026-02-07,,corrupted_unknown,,,,,,,True,Unknown,Assumed open,None,2026-02-07,,corrupted_unknown,,,,,,,True
2026-02-08,1,2026-02-08 00:00:00.000,2026-02-08 00:00:00.000,,,Unknown,—,1,2026-02-08 00:00:00.000,2026-02-08 00:00:00.000,,,Unknown,—,1,2026-02-08 00:00:00.000,2026-02-08 00:00:00.000,,,Unknown,—,Unknown,Unknown,Assumed open,Unknown,Assumed open,None,2026-02-08,,corrupted_unknown,,,,,,,True,Unknown,Assumed open,None,2026-02-08,,corrupted_unknown,,,,,,,True
2026-02-09,1,2026-02-09 00:00:00.000,2026-02-09 00:00:00.000,,,Unknown,—,1,2026-02-09 00:00:00.000,2026-02-09 00:00:00.000,,,Unknown,—,1,2026-02-09 00:00:00.000,2026-02-09 00:00:00.000,,,Unknown,—,Unknown,Unknown,Assumed open,Unknown,Assumed open,None,2026-02-09,,corrupted_unknown,,,,,,,True,Unknown,Assumed open,None,2026-02-09,,corrupted_unknown,,,,,,,True
2026-02-10,1,2026-02-10 00:00:00.000,2026-02-10 00:00:00.000,,,Unknown,—,1,2026-02-10 00:00:00.000,2026-02-10 00:00:00.000,,,Unknown,—,1,2026-02-10 00:00:00.000,2026-02-10 00:00:00.000,,,Unknown,—,Unknown,Unknown,Assumed open,Unknown,Assumed open,None,2026-02-10,,corrupted_unknown,,,,,,,True,Unknown,Assumed open,None,2026-02-10,,corrupted_unknown,,,,,,,True
2026-02-11,2,2026-02-11 00:00:00.000,2026-02-11 22:00:00.067,2026-04-10 17:08:05.010,2026-04-10 22:07:40.189,Unknown,2026-04-10,2,2026-02-11 00:00:00.000,2026-02-11 22:00:00.067,2026-04-10 17:08:05.010,2026-04-10 22:07:40.189,Unknown,2026-04-10,2,2026-02-11 00:00:00.000,2026-02-11 22:00:00.067,2026-04-10 17:08:05.010,2026-04-10 22:07:40.189,Unknown,2026-04-10,Unknown,Unknown,Assumed open,Unknown,Assumed open,None,2026-02-11,,corrupted_unknown,,,,,,,True,Unknown,Assumed open,None,2026-02-11,,corrupted_unknown,,,,,,,True
2026-02-12,1,2026-02-12 00:00:00.000,2026-02-12 00:00:00.000,,,Unknown,—,1,2026-02-12 00:00:00.000,2026-02-12 00:00:00.000,,,Unknown,—,1,2026-02-12 00:00:00.000,2026-02-12 00:00:00.000,,,Unknown,—,Unknown,Unknown,Assumed open,Unknown,Assumed open,None,2026-02-12,,corrupted_unknown,,,,,,,True,Unknown,Assumed open,None,2026-02-12,,corrupted_unknown,,,,,,,True
2026-02-13,1,2026-02-13 00:00:00.000,2026-02-13 00:00:00.000,,,Unknown,—,1,2026-02-13 00:00:00.000,2026-02-13 00:00:00.000,,,Unknown,—,1,2026-02-13 00:00:00.000,2026-02-13 00:00:00.000,,,Unknown,—,Unknown,Unknown,Assumed open,Unknown,Assumed open,None,2026-02-13,,corrupted_unknown,,,,,,,True,Unknown,Assumed open,None,2026-02-13,,corrupted_unknown,,,,,,,True
2026-02-14,1,2026-02-14 00:00:00.000,2026-02-14 00:00:00.000,,,Unknown,—,1,2026-02-14 00:00:00.000,2026-02-14 00:00:00.000,,,Unknown,—,1,2026-02-14 00:00:00.000,2026-02-14 00:00:00.000,,,Unknown,—,Unknown,Unknown,Assumed open,Unknown,Assumed open,None,2026-02-14,,corrupted_unknown,,,,,,,True,Unknown,Assumed open,None,2026-02-14,,corrupted_unknown,,,,,,,True
2026-02-15,1,2026-02-15 00:00:00.000,2026-02-15 00:00:00.000,,,Unknown,—,1,2026-02-15 00:00:00.000,2026-02-15 00:00:00.000,,,Unknown,—,1,2026-02-15 00:00:00.000,2026-02-15 00:00:00.000,,,Unknown,—,Unknown,Unknown,Assumed open,Unknown,Assumed open,None,2026-02-15,,corrupted_unknown,,,,,,,True,Unknown,Assumed open,None,2026-02-15,,corrupted_unknown,,,,,,,True
2026-02-16,1,2026-02-16 00:00:00.000,2026-02-16 00:00:00.000,,,Unknown,—,1,2026-02-16 00:00:00.000,2026-02-16 00:00:00.000,,,Unknown,—,1,2026-02-16 00:00:00.000,2026-02-16 00:00:00.000,,,Unknown,—,Unknown,Unknown,Assumed open,Unknown,Assumed open,None,2026-02-16,,corrupted_unknown,,,,,,,True,Unknown,Assumed open,None,2026-02-16,,corrupted_unknown,,,,,,,True
2026-02-17,1,2026-02-17 00:00:00.000,2026-02-17 00:00:00.000,,,Unknown,—,1,2026-02-17 00:00:00.000,2026-02-17 00:00:00.000,,,Unknown,—,1,2026-02-17 00:00:00.000,2026-02-17 00:00:00.000,,,Unknown,—,Unknown,Unknown,Assumed open,Unknown,Assumed open,None,2026-02-17,,corrupted_unknown,,,,,,,True,Unknown,Assumed open,None,2026-02-17,,corrupted_unknown,,,,,,,True
2026-02-18,2,2026-02-18 00:00:00.000,2026-02-18 23:00:00.022,2026-04-10 17:08:05.010,2026-04-10 22:07:40.189,Unknown,2026-04-10,2,2026-02-18 00:00:00.000,2026-02-18 23:00:00.022,2026-04-10 17:08:05.010,2026-04-10 22:07:40.189,Unknown,2026-04-10,2,2026-02-18 00:00:00.000,2026-02-18 23:00:00.022,2026-04-10 17:08:05.010,2026-04-10 22:07:40.189,Unknown,2026-04-10,Unknown,Unknown,Assumed open,Unknown,Assumed open,None,2026-02-18,,corrupted_unknown,,,,,,,True,Unknown,Assumed open,None,2026-02-18,,corrupted_unknown,,,,,,,True
2026-02-19,1,2026-02-19 00:00:00.000,2026-02-19 00:00:00.000,,,Unknown,—,1,2026-02-19 00:00:00.000,2026-02-19 00:00:00.000,,,Unknown,—,1,2026-02-19 00:00:00.000,2026-02-19 00:00:00.000,,,Unknown,—,Unknown,Unknown,Assumed open,Unknown,Assumed open,None,2026-02-19,,corrupted_unknown,,,,,,,True,Unknown,Assumed open,None,2026-02-19,,corrupted_unknown,,,,,,,True
2026-02-20,1,2026-02-20 00:00:00.000,2026-02-20 00:00:00.000,2026-03-23 01:12:59.774,2026-03-23 01:12:59.774,Unknown,2026-03-23,1,2026-02-20 00:00:00.000,2026-02-20 00:00:00.000,2026-03-23 01:12:59.774,2026-03-23 01:12:59.774,Unknown,2026-03-23,1,2026-02-20 00:00:00.000,2026-02-20 00:00:00.000,2026-03-23 01:12:59.774,2026-03-23 01:12:59.774,Unknown,2026-03-23,Unknown,Unknown,Assumed open,Unknown,Assumed open,None,2026-02-20,,corrupted_unknown,,,,,,,True,Unknown,Assumed open,None,2026-02-20,,corrupted_unknown,,,,,,,True
2026-02-21,1,2026-02-21 00:00:00.000,2026-02-21 00:00:00.000,2026-03-26 01:29:59.161,2026-03-26 01:29:59.161,Unknown,2026-03-26,1,2026-02-21 00:00:00.000,2026-02-21 00:00:00.000,2026-03-26 01:29:59.161,2026-03-26 01:29:59.161,Unknown,2026-03-26,1,2026-02-21 00:00:00.000,2026-02-21 00:00:00.000,2026-03-26 01:29:59.161,2026-03-26 01:29:59.161,Unknown,2026-03-26,Unknown,Unknown,Assumed open,Unknown,Assumed open,None,2026-02-21,,corrupted_unknown,,,,,,,True,Unknown,Assumed open,None,2026-02-21,,corrupted_unknown,,,,,,,True
2026-02-22,1,2026-02-22 00:00:00.000,2026-02-22 00:00:00.000,2026-03-25 01:13:41.353,2026-03-25 01:13:41.353,Unknown,2026-03-25,1,2026-02-22 00:00:00.000,2026-02-22 00:00:00.000,2026-03-25 01:13:41.353,2026-03-25 01:13:41.353,Unknown,2026-03-25,1,2026-02-22 00:00:00.000,2026-02-22 00:00:00.000,2026-03-25 01:13:41.353,2026-03-25 01:13:41.353,Unknown,2026-03-25,Unknown,Unknown,Assumed open,Unknown,Assumed open,None,2026-02-22,,corrupted_unknown,,,,,,,True,Unknown,Assumed open,None,2026-02-22,,corrupted_unknown,,,,,,,True
2026-02-23,1,2026-02-23 00:00:00.000,2026-02-23 00:00:00.000,2026-03-28 01:24:07.456,2026-03-28 01:24:07.456,Unknown,2026-03-28,1,2026-02-23 00:00:00.000,2026-02-23 00:00:00.000,2026-03-28 01:24:07.456,2026-03-28 01:24:07.456,Unknown,2026-03-28,1,2026-02-23 00:00:00.000,2026-02-23 00:00:00.000,2026-03-28 01:24:07.456,2026-03-28 01:24:07.456,Unknown,2026-03-28,Unknown,Unknown,Assumed open,Unknown,Assumed open,None,2026-02-23,,corrupted_unknown,,,,,,,True,Unknown,Assumed open,None,2026-02-23,,corrupted_unknown,,,,,,,True
2026-02-24,1,2026-02-24 00:00:00.000,2026-02-24 00:00:00.000,2026-03-27 01:18:34.797,2026-03-27 01:18:34.797,Unknown,2026-03-27,1,2026-02-24 00:00:00.000,2026-02-24 00:00:00.000,2026-03-27 01:18:34.797,2026-03-27 01:18:34.797,Unknown,2026-03-27,1,2026-02-24 00:00:00.000,2026-02-24 00:00:00.000,2026-03-27 01:18:34.797,2026-03-27 01:18:34.797,Unknown,2026-03-27,Unknown,Unknown,Assumed open,Unknown,Assumed open,None,2026-02-24,,corrupted_unknown,,,,,,,True,Unknown,Assumed open,None,2026-02-24,,corrupted_unknown,,,,,,,True
2026-02-25,2,2026-02-25 00:00:00.000,2026-02-25 23:20:00.097,2026-04-10 17:08:05.010,2026-04-10 22:07:40.189,Unknown,2026-04-10,2,2026-02-25 00:00:00.000,2026-02-25 23:20:00.097,2026-04-10 17:08:05.010,2026-04-10 22:07:40.189,Unknown,2026-04-10,2,2026-02-25 00:00:00.000,2026-02-25 23:20:00.097,2026-04-10 17:08:05.010,2026-04-10 22:07:40.189,Unknown,2026-04-10,Unknown,Unknown,Assumed open,Unknown,Assumed open,None,2026-02-25,,corrupted_unknown,,,,,,,True,Unknown,Assumed open,None,2026-02-25,,corrupted_unknown,,,,,,,True
2026-02-26,1,2026-02-26 00:00:00.000,2026-02-26 00:00:00.000,2026-03-29 17:20:27.961,2026-03-29 17:20:27.961,Unknown,2026-03-29,1,2026-02-26 00:00:00.000,2026-02-26 00:00:00.000,2026-03-29 17:20:27.961,2026-03-29 17:20:27.961,Unknown,2026-03-29,1,2026-02-26 00:00:00.000,2026-02-26 00:00:00.000,2026-03-29 17:20:27.961,2026-03-29 17:20:27.961,Unknown,2026-03-29,Unknown,Unknown,Assumed open,Unknown,Assumed open,None,2026-02-26,,corrupted_unknown,,,,,,,True,Unknown,Assumed open,None,2026-02-26,,corrupted_unknown,,,,,,,True
2026-02-27,1,2026-02-27 00:00:00.000,2026-02-27 00:00:00.000,2026-03-30 01:22:43.871,2026-03-30 01:22:43.871,Unknown,2026-03-30,1,2026-02-27 00:00:00.000,2026-02-27 00:00:00.000,2026-03-30 01:22:43.871,2026-03-30 01:22:43.871,Unknown,2026-03-30,1,2026-02-27 00:00:00.000,2026-02-27 00:00:00.000,2026-03-30 01:22:43.871,2026-03-30 01:22:43.871,Unknown,2026-03-30,Unknown,Unknown,Assumed open,Unknown,Assumed open,None,2026-02-27,,corrupted_unknown,,,,,,,True,Unknown,Assumed open,None,2026-02-27,,corrupted_unknown,,,,,,,True
2026-02-28,1,2026-02-28 00:00:00.000,2026-02-28 00:00:00.000,2026-03-31 01:18:08.328,2026-03-31 01:18:08.328,Unknown,2026-03-31,1,2026-02-28 00:00:00.000,2026-02-28 00:00:00.000,2026-03-31 01:18:08.328,2026-03-31 01:18:08.328,Unknown,2026-03-31,1,2026-02-28 00:00:00.000,2026-02-28 00:00:00.000,2026-03-31 01:18:08.328,2026-03-31 01:18:08.328,Unknown,2026-03-31,Unknown,Unknown,Assumed open,Unknown,Assumed open,None,2026-02-28,,corrupted_unknown,,,,,,,True,Unknown,Assumed open,None,2026-02-28,,corrupted_unknown,,,,,,,True
2026-03-01,1,2026-03-01 00:00:00.000,2026-03-01 00:00:00.000,2026-04-02 01:24:05.503,2026-04-02 01:24:05.503,Unknown,2026-04-02,1,2026-03-01 00:00:00.000,2026-03-01 00:00:00.000,2026-04-02 01:24:05.503,2026-04-02 01:24:05.503,Unknown,2026-04-02,1,2026-03-01 00:00:00.000,2026-03-01 00:00:00.000,2026-04-02 01:24:05.503,2026-04-02 01:24:05.503,Unknown,2026-04-02,Unknown,Unknown,Assumed open,Unknown,Assumed open,None,2026-03-01,,corrupted_unknown,,,,,,,True,Unknown,Assumed open,None,2026-03-01,,corrupted_unknown,,,,,,,True
2026-03-02,1,2026-03-02 00:00:00.000,2026-03-02 00:00:00.000,2026-04-04 01:23:50.812,2026-04-04 01:23:50.812,Unknown,2026-04-04,1,2026-03-02 00:00:00.000,2026-03-02 00:00:00.000,2026-04-04 01:23:50.812,2026-04-04 01:23:50.812,Unknown,2026-04-04,1,2026-03-02 00:00:00.000,2026-03-02 00:00:00.000,2026-04-04 01:23:50.812,2026-04-04 01:23:50.812,Unknown,2026-04-04,Unknown,Unknown,Assumed open,Unknown,Assumed open,None,2026-03-02,,corrupted_unknown,,,,,,,True,Unknown,Assumed open,None,2026-03-02,,corrupted_unknown,,,,,,,True
2026-03-03,1,2026-03-03 00:00:00.000,2026-03-03 00:00:00.000,2026-04-02 01:24:05.503,2026-04-02 01:24:05.503,Unknown,2026-04-02,1,2026-03-03 00:00:00.000,2026-03-03 00:00:00.000,2026-04-02 01:24:05.503,2026-04-02 01:24:05.503,Unknown,2026-04-02,1,2026-03-03 00:00:00.000,2026-03-03 00:00:00.000,2026-04-02 01:24:05.503,2026-04-02 01:24:05.503,Unknown,2026-04-02,Unknown,Unknown,Assumed open,Unknown,Assumed open,None,2026-03-03,,corrupted_unknown,,,,,,,True,Unknown,Assumed open,None,2026-03-03,,corrupted_unknown,,,,,,,True
2026-03-04,2,2026-03-04 00:00:00.000,2026-03-04 22:40:00.023,2026-04-10 17:08:05.010,2026-04-10 22:07:40.189,Unknown,2026-04-10,2,2026-03-04 00:00:00.000,2026-03-04 22:40:00.023,2026-04-10 17:08:05.010,2026-04-10 22:07:40.189,Unknown,2026-04-10,2,2026-03-04 00:00:00.000,2026-03-04 22:40:00.023,2026-04-10 17:08:05.010,2026-04-10 22:07:40.189,Unknown,2026-04-10,Unknown,Unknown,Assumed open,Unknown,Assumed open,None,2026-03-04,,corrupted_unknown,,,,,,,True,Unknown,Assumed open,None,2026-03-04,,corrupted_unknown,,,,,,,True
2026-03-05,1,2026-03-05 00:00:00.000,2026-03-05 00:00:00.000,2026-04-05 01:20:06.930,2026-04-05 01:20:06.930,Unknown,2026-04-05,1,2026-03-05 00:00:00.000,2026-03-05 00:00:00.000,2026-04-05 01:20:06.930,2026-04-05 01:20:06.930,Unknown,2026-04-05,1,2026-03-05 00:00:00.000,2026-03-05 00:00:00.000,2026-04-05 01:20:06.930,2026-04-05 01:20:06.930,Unknown,2026-04-05,Unknown,Unknown,Assumed open,Unknown,Assumed open,None,2026-03-05,,corrupted_unknown,,,,,,,True,Unknown,Assumed open,None,2026-03-05,,corrupted_unknown,,,,,,,True
2026-03-06,1,2026-03-06 00:00:00.000,2026-03-06 00:00:00.000,2026-04-06 16:47:02.519,2026-04-06 16:47:02.519,Open,2026-04-06,1,2026-03-06 00:00:00.000,2026-03-06 00:00:00.000,2026-04-06 16:47:02.519,2026-04-06 16:47:02.519,Open,2026-04-06,1,2026-03-06 00:00:00.000,2026-03-06 00:00:00.000,2026-04-06 16:47:02.519,2026-04-06 16:47:02.519,Open,2026-04-06,Unknown,Open,Assumed open,Open,Assumed open,None,2026-03-06,2026-03-06 00:00:00.000,legacy_price_timestamp,cfa546c2fcfc7d5f1d57827ffa5b7bfc036216df99e540ab404b59de3de35db5,,,,,0.0,True,Open,Assumed open,None,2026-03-06,2026-03-06 00:00:00.000,legacy_price_timestamp,cfa546c2fcfc7d5f1d57827ffa5b7bfc036216df99e540ab404b59de3de35db5,,,,,0.0,True
2026-03-07,1,2026-03-07 00:00:00.000,2026-03-07 00:00:00.000,2026-04-07 01:21:30.872,2026-04-07 01:21:30.872,Open,2026-04-07,1,2026-03-07 00:00:00.000,2026-03-07 00:00:00.000,2026-04-07 01:21:30.872,2026-04-07 01:21:30.872,Open,2026-04-07,1,2026-03-07 00:00:00.000,2026-03-07 00:00:00.000,2026-04-07 01:21:30.872,2026-04-07 01:21:30.872,Open,2026-04-07,Unknown,Open,Assumed open,Open,Assumed open,None,2026-03-07,2026-03-07 00:00:00.000,legacy_price_timestamp,c14510e046c9cba17e7c19cf6503255e22ca1905fa3f9f2dc7fec5b5090c19e1,,,,,0.0,True,Open,Assumed open,None,2026-03-07,2026-03-07 00:00:00.000,legacy_price_timestamp,c14510e046c9cba17e7c19cf6503255e22ca1905fa3f9f2dc7fec5b5090c19e1,,,,,0.0,True
2026-03-08,1,2026-03-08 00:00:00.000,2026-03-08 00:00:00.000,2026-04-08 23:27:53.018,2026-04-08 23:27:53.018,Open,2026-04-08,1,2026-03-08 00:00:00.000,2026-03-08 00:00:00.000,2026-04-08 23:27:53.018,2026-04-08 23:27:53.018,Open,2026-04-08,1,2026-03-08 00:00:00.000,2026-03-08 00:00:00.000,2026-04-08 23:27:53.018,2026-04-08 23:27:53.018,Open,2026-04-08,Unknown,Open,Assumed open,Open,Assumed open,None,2026-03-08,2026-03-08 00:00:00.000,legacy_price_timestamp,bcf0ca8273b6af924ff8ee6b6c69d655b31e824b642f3b626726b2e820782d44,,,,,0.0,True,Open,Assumed open,None,2026-03-08,2026-03-08 00:00:00.000,legacy_price_timestamp,bcf0ca8273b6af924ff8ee6b6c69d655b31e824b642f3b626726b2e820782d44,,,,,0.0,True
2026-03-09,1,2026-03-09 00:00:00.000,2026-03-09 00:00:00.000,2026-04-10 17:08:05.010,2026-04-10 17:08:05.010,Open,2026-04-10,1,2026-03-09 00:00:00.000,2026-03-09 00:00:00.000,2026-04-10 17:08:05.010,2026-04-10 17:08:05.010,Open,2026-04-10,1,2026-03-09 00:00:00.000,2026-03-09 00:00:00.000,2026-04-10 17:08:05.010,2026-04-10 17:08:05.010,Open,2026-04-10,Unknown,Open,Assumed open,Open,Assumed open,None,2026-03-09,2026-03-09 00:00:00.000,legacy_price_timestamp,4262ac6df32a9fef8d47742f9aa8d52da80a3b90146ac8a62c64c76a75080eb4,,,,,0.0,True,Open,Assumed open,None,2026-03-09,2026-03-09 00:00:00.000,legacy_price_timestamp,4262ac6df32a9fef8d47742f9aa8d52da80a3b90146ac8a62c64c76a75080eb4,,,,,0.0,True
2026-03-10,2,2026-03-10 00:00:00.000,2026-03-10 23:00:00.061,2026-04-10 17:08:05.010,2026-04-10 22:07:40.189,Unknown and Open,2026-04-10,2,2026-03-10 00:00:00.000,2026-03-10 23:00:00.061,2026-04-10 17:08:05.010,2026-04-10 22:07:40.189,Unknown and Open,2026-04-10,2,2026-03-10 00:00:00.000,2026-03-10 23:00:00.061,2026-04-10 17:08:05.010,2026-04-10 22:07:40.189,Unknown and Open,2026-04-10,Unknown,Open,Assumed open,Open,Assumed open,None,2026-03-10,2026-03-10 00:00:00.000,legacy_price_timestamp,98e4550b1048503a1341692cc3e968cffc0d3d1d46df8d640f816adae36152dc,,,,,0.0,True,Open,Assumed open,None,2026-03-10,2026-03-10 00:00:00.000,legacy_price_timestamp,98e4550b1048503a1341692cc3e968cffc0d3d1d46df8d640f816adae36152dc,,,,,0.0,True
2026-03-11,2,2026-03-11 00:00:00.000,2026-03-11 23:40:00.028,2026-04-10 17:08:05.010,2026-04-10 22:07:40.189,Unknown and Open,2026-04-10,2,2026-03-11 00:00:00.000,2026-03-11 23:40:00.028,2026-04-10 17:08:05.010,2026-04-10 22:07:40.189,Unknown and Open,2026-04-10,2,2026-03-11 00:00:00.000,2026-03-11 23:40:00.028,2026-04-10 17:08:05.010,2026-04-10 22:07:40.189,Unknown and Open,2026-04-10,Unknown,Open,Assumed open,Open,Assumed open,None,2026-03-11,2026-03-11 00:00:00.000,legacy_price_timestamp,1d44783ae71f3087d2f3ced906a36dbcb540791c607c47de0decf47043c10150,,,,,0.0,True,Open,Assumed open,None,2026-03-11,2026-03-11 00:00:00.000,legacy_price_timestamp,1d44783ae71f3087d2f3ced906a36dbcb540791c607c47de0decf47043c10150,,,,,0.0,True
2026-03-12,2,2026-03-12 00:00:00.000,2026-03-12 22:40:00.001,2026-04-10 17:08:05.010,2026-04-10 22:07:40.189,Unknown and Open,2026-04-10,2,2026-03-12 00:00:00.000,2026-03-12 22:40:00.001,2026-04-10 17:08:05.010,2026-04-10 22:07:40.189,Unknown and Open,2026-04-10,2,2026-03-12 00:00:00.000,2026-03-12 22:40:00.001,2026-04-10 17:08:05.010,2026-04-10 22:07:40.189,Unknown and Open,2026-04-10,Unknown,Open,Assumed open,Open,Assumed open,None,2026-03-12,2026-03-12 00:00:00.000,legacy_price_timestamp,2a60edd558c4492efcfb0c7856a75c797610cba55e2f302eb996990128be0df7,,,,,0.0,True,Open,Assumed open,None,2026-03-12,2026-03-12 00:00:00.000,legacy_price_timestamp,2a60edd558c4492efcfb0c7856a75c797610cba55e2f302eb996990128be0df7,,,,,0.0,True
2026-03-13,2,2026-03-13 00:00:00.000,2026-03-13 22:00:00.005,2026-04-10 17:08:05.010,2026-04-10 22:07:40.189,Unknown and Open,2026-04-10,2,2026-03-13 00:00:00.000,2026-03-13 22:00:00.005,2026-04-10 17:08:05.010,2026-04-10 22:07:40.189,Unknown and Open,2026-04-10,2,2026-03-13 00:00:00.000,2026-03-13 22:00:00.005,2026-04-10 17:08:05.010,2026-04-10 22:07:40.189,Unknown and Open,2026-04-10,Unknown,Open,Assumed open,Open,Assumed open,None,2026-03-13,2026-03-13 00:00:00.000,legacy_price_timestamp,eb21cf04c7d969a39beb73eb5bca8883dadd92932d6d01843b9133adfa9636f9,,,,,0.0,True,Open,Assumed open,None,2026-03-13,2026-03-13 00:00:00.000,legacy_price_timestamp,eb21cf04c7d969a39beb73eb5bca8883dadd92932d6d01843b9133adfa9636f9,,,,,0.0,True
2026-03-14,2,2026-03-14 00:00:00.000,2026-03-14 23:40:00.086,2026-04-10 17:08:05.010,2026-04-10 22:07:40.189,Unknown and Open,2026-04-10,2,2026-03-14 00:00:00.000,2026-03-14 23:40:00.086,2026-04-10 17:08:05.010,2026-04-10 22:07:40.189,Unknown and Open,2026-04-10,2,2026-03-14 00:00:00.000,2026-03-14 23:40:00.086,2026-04-10 17:08:05.010,2026-04-10 22:07:40.189,Unknown and Open,2026-04-10,Unknown,Open,Assumed open,Open,Assumed open,None,2026-03-14,2026-03-14 00:00:00.000,legacy_price_timestamp,cfca71327a88f16b18152a671724be95314a0bd49b724aded7fb590f98884af1,,,,,0.0,True,Open,Assumed open,None,2026-03-14,2026-03-14 00:00:00.000,legacy_price_timestamp,cfca71327a88f16b18152a671724be95314a0bd49b724aded7fb590f98884af1,,,,,0.0,True
2026-03-15,2,2026-03-15 00:00:00.000,2026-03-15 23:40:00.045,2026-04-10 17:08:05.010,2026-04-10 22:07:40.189,Unknown and Open,2026-04-10,2,2026-03-15 00:00:00.000,2026-03-15 23:40:00.045,2026-04-10 17:08:05.010,2026-04-10 22:07:40.189,Unknown and Open,2026-04-10,2,2026-03-15 00:00:00.000,2026-03-15 23:40:00.045,2026-04-10 17:08:05.010,2026-04-10 22:07:40.189,Unknown and Open,2026-04-10,Unknown,Open,Assumed open,Open,Assumed open,None,2026-03-15,2026-03-15 00:00:00.000,legacy_price_timestamp,f7d4bc65302b17f94e80b58c22317551e29b5eacd3d41dac4697bfc31a873f2b,,,,,0.0,True,Open,Assumed open,None,2026-03-15,2026-03-15 00:00:00.000,legacy_price_timestamp,f7d4bc65302b17f94e80b58c22317551e29b5eacd3d41dac4697bfc31a873f2b,,,,,0.0,True
2026-03-16,2,2026-03-16 00:00:00.000,2026-03-16 23:20:00.063,2026-04-10 17:08:05.010,2026-04-10 22:07:40.189,Unknown and Open,2026-04-10,2,2026-03-16 00:00:00.000,2026-03-16 23:20:00.063,2026-04-10 17:08:05.010,2026-04-10 22:07:40.189,Unknown and Open,2026-04-10,2,2026-03-16 00:00:00.000,2026-03-16 23:20:00.063,2026-04-10 17:08:05.010,2026-04-10 22:07:40.189,Unknown and Open,2026-04-10,Unknown,Open,Assumed open,Open,Assumed open,None,2026-03-16,2026-03-16 00:00:00.000,legacy_price_timestamp,db13a2d17909178c165f26ae3aeef747f9c72ee87e788fc1096a51358b8e6f15,,,,,0.0,True,Open,Assumed open,None,2026-03-16,2026-03-16 00:00:00.000,legacy_price_timestamp,db13a2d17909178c165f26ae3aeef747f9c72ee87e788fc1096a51358b8e6f15,,,,,0.0,True
2026-03-17,2,2026-03-17 00:00:00.000,2026-03-17 23:40:00.029,2026-04-10 17:08:05.010,2026-04-10 22:07:40.189,Unknown and Open,2026-04-10,2,2026-03-17 00:00:00.000,2026-03-17 23:40:00.029,2026-04-10 17:08:05.010,2026-04-10 22:07:40.189,Unknown and Open,2026-04-10,2,2026-03-17 00:00:00.000,2026-03-17 23:40:00.029,2026-04-10 17:08:05.010,2026-04-10 22:07:40.189,Unknown and Open,2026-04-10,Unknown,Open,Assumed open,Open,Assumed open,None,2026-03-17,2026-03-17 00:00:00.000,legacy_price_timestamp,7ffd28733ff05eb7ca971fcce8649a9fa34e72a254bd2289afdd34ca54d0ab58,,,,,0.0,True,Open,Assumed open,None,2026-03-17,2026-03-17 00:00:00.000,legacy_price_timestamp,7ffd28733ff05eb7ca971fcce8649a9fa34e72a254bd2289afdd34ca54d0ab58,,,,,0.0,True
2026-03-18,2,2026-03-18 00:00:00.000,2026-03-18 23:20:00.074,2026-04-10 17:08:05.010,2026-04-10 22:07:40.189,Unknown and Open,2026-04-10,2,2026-03-18 00:00:00.000,2026-03-18 23:20:00.074,2026-04-10 17:08:05.010,2026-04-10 22:07:40.189,Unknown and Open,2026-04-10,2,2026-03-18 00:00:00.000,2026-03-18 23:20:00.074,2026-04-10 17:08:05.010,2026-04-10 22:07:40.189,Unknown and Open,2026-04-10,Unknown,Open,Assumed open,Open,Assumed open,None,2026-03-18,2026-03-18 00:00:00.000,legacy_price_timestamp,31c52fd250e63ce25cba8fd2a7251a987ef5e0da025e67423e5113ff8a379066,,,,,0.0,True,Open,Assumed open,None,2026-03-18,2026-03-18 00:00:00.000,legacy_price_timestamp,31c52fd250e63ce25cba8fd2a7251a987ef5e0da025e67423e5113ff8a379066,,,,,0.0,True
2026-03-19,2,2026-03-19 00:00:00.000,2026-03-19 23:20:00.013,2026-04-10 17:08:05.010,2026-04-10 22:07:40.189,Unknown and Open,2026-04-10,2,2026-03-19 00:00:00.000,2026-03-19 23:20:00.013,2026-04-10 17:08:05.010,2026-04-10 22:07:40.189,Unknown and Open,2026-04-10,2,2026-03-19 00:00:00.000,2026-03-19 23:20:00.013,2026-04-10 17:08:05.010,2026-04-10 22:07:40.189,Unknown and Open,2026-04-10,Unknown,Open,Assumed open,Open,Assumed open,None,2026-03-19,2026-03-19 00:00:00.000,legacy_price_timestamp,9a0b8b2bf7ffdd9d747960f2e3b7e713f329092c86830937aec3ad8917d23b28,,,,,0.0,True,Open,Assumed open,None,2026-03-19,2026-03-19 00:00:00.000,legacy_price_timestamp,9a0b8b2bf7ffdd9d747960f2e3b7e713f329092c86830937aec3ad8917d23b28,,,,,0.0,True
2026-03-20,2,2026-03-20 00:00:00.000,2026-03-20 23:00:00.047,2026-04-10 17:08:05.010,2026-04-10 22:07:40.189,Unknown and Open,2026-04-10,2,2026-03-20 00:00:00.000,2026-03-20 23:00:00.047,2026-04-10 17:08:05.010,2026-04-10 22:07:40.189,Unknown and Open,2026-04-10,2,2026-03-20 00:00:00.000,2026-03-20 23:00:00.047,2026-04-10 17:08:05.010,2026-04-10 22:07:40.189,Unknown and Open,2026-04-10,Unknown,Open,Assumed open,Open,Assumed open,None,2026-03-20,2026-03-20 00:00:00.000,legacy_price_timestamp,739ff80d07fce74a4ef2f926f1218f29ec8124c1d92ab37981daa9b173a1e4d7,,,,,0.0,True,Open,Assumed open,None,2026-03-20,2026-03-20 00:00:00.000,legacy_price_timestamp,739ff80d07fce74a4ef2f926f1218f29ec8124c1d92ab37981daa9b173a1e4d7,,,,,0.0,True
2026-03-21,2,2026-03-21 00:00:00.000,2026-03-21 23:20:00.037,2026-04-10 17:08:05.010,2026-04-10 22:07:40.189,Unknown and Open,2026-04-10,2,2026-03-21 00:00:00.000,2026-03-21 23:20:00.037,2026-04-10 17:08:05.010,2026-04-10 22:07:40.189,Unknown and Open,2026-04-10,2,2026-03-21 00:00:00.000,2026-03-21 23:20:00.037,2026-04-10 17:08:05.010,2026-04-10 22:07:40.189,Unknown and Open,2026-04-10,Unknown,Open,Assumed open,Open,Assumed open,None,2026-03-21,2026-03-21 00:00:00.000,legacy_price_timestamp,1505776c8cd3eab8c3ae2e4a6dcf58520b411261c6d2894be91a65838c5066f0,,,,,0.0,True,Open,Assumed open,None,2026-03-21,2026-03-21 00:00:00.000,legacy_price_timestamp,1505776c8cd3eab8c3ae2e4a6dcf58520b411261c6d2894be91a65838c5066f0,,,,,0.0,True
2026-03-22,2,2026-03-22 00:00:00.000,2026-03-22 22:00:00.090,2026-04-10 17:08:05.010,2026-04-10 22:07:40.189,Unknown and Open,2026-04-10,2,2026-03-22 00:00:00.000,2026-03-22 22:00:00.090,2026-04-10 17:08:05.010,2026-04-10 22:07:40.189,Unknown and Open,2026-04-10,2,2026-03-22 00:00:00.000,2026-03-22 22:00:00.090,2026-04-10 17:08:05.010,2026-04-10 22:07:40.189,Unknown and Open,2026-04-10,Unknown,Open,Assumed open,Open,Assumed open,None,2026-03-22,2026-03-22 00:00:00.000,legacy_price_timestamp,21e23ce1b294ecba57b1edcc1cb8351586a57a39088a7b4e512a21efcc19767b,,,,,0.0,True,Open,Assumed open,None,2026-03-22,2026-03-22 00:00:00.000,legacy_price_timestamp,21e23ce1b294ecba57b1edcc1cb8351586a57a39088a7b4e512a21efcc19767b,,,,,0.0,True
2026-03-23,2,2026-03-23 00:00:00.000,2026-03-23 23:20:00.068,2026-04-10 17:08:05.010,2026-04-10 22:07:40.189,Unknown and Open,2026-04-10,2,2026-03-23 00:00:00.000,2026-03-23 23:20:00.068,2026-04-10 17:08:05.010,2026-04-10 22:07:40.189,Unknown and Open,2026-04-10,2,2026-03-23 00:00:00.000,2026-03-23 23:20:00.068,2026-04-10 17:08:05.010,2026-04-10 22:07:40.189,Unknown and Open,2026-04-10,Unknown,Open,Assumed open,Open,Assumed open,None,2026-03-23,2026-03-23 00:00:00.000,legacy_price_timestamp,6aba9479f65407b79627eb93d4bc1eda87bbe4a32785bb2da64e903a83a5f08a,,,,,0.0,True,Open,Assumed open,None,2026-03-23,2026-03-23 00:00:00.000,legacy_price_timestamp,6aba9479f65407b79627eb93d4bc1eda87bbe4a32785bb2da64e903a83a5f08a,,,,,0.0,True
2026-03-24,2,2026-03-24 00:00:00.000,2026-03-24 23:20:00.026,2026-04-10 17:08:05.010,2026-04-10 22:07:40.189,Unknown and Open,2026-04-10,2,2026-03-24 00:00:00.000,2026-03-24 23:20:00.026,2026-04-10 17:08:05.010,2026-04-10 22:07:40.189,Unknown and Open,2026-04-10,2,2026-03-24 00:00:00.000,2026-03-24 23:20:00.026,2026-04-10 17:08:05.010,2026-04-10 22:07:40.189,Unknown and Open,2026-04-10,Unknown,Open,Assumed open,Open,Assumed open,None,2026-03-24,2026-03-24 00:00:00.000,legacy_price_timestamp,a3853f0b3953d3dce00e959a186b1d34aa4d1ad8ae76d8884ccd28a23f5f63a9,,,,,0.0,True,Open,Assumed open,None,2026-03-24,2026-03-24 00:00:00.000,legacy_price_timestamp,a3853f0b3953d3dce00e959a186b1d34aa4d1ad8ae76d8884ccd28a23f5f63a9,,,,,0.0,True
2026-03-25,2,2026-03-25 00:00:00.000,2026-03-25 23:00:00.072,2026-04-10 17:08:05.010,2026-04-10 22:07:40.189,Unknown and Open,2026-04-10,2,2026-03-25 00:00:00.000,2026-03-25 23:00:00.072,2026-04-10 17:08:05.010,2026-04-10 22:07:40.189,Unknown and Open,2026-04-10,2,2026-03-25 00:00:00.000,2026-03-25 23:00:00.072,2026-04-10 17:08:05.010,2026-04-10 22:07:40.189,Unknown and Open,2026-04-10,Unknown,Open,Assumed open,Open,Assumed open,None,2026-03-25,2026-03-25 00:00:00.000,legacy_price_timestamp,3ce4d05c8c1a7852b0ac922b9813c2e7f4f3fb2357bd04688778139246657708,,,,,0.0,True,Open,Assumed open,None,2026-03-25,2026-03-25 00:00:00.000,legacy_price_timestamp,3ce4d05c8c1a7852b0ac922b9813c2e7f4f3fb2357bd04688778139246657708,,,,,0.0,True
2026-03-26,2,2026-03-26 00:00:00.000,2026-03-26 23:00:00.071,2026-04-10 17:08:05.010,2026-04-10 22:07:40.189,Unknown and Open,2026-04-10,2,2026-03-26 00:00:00.000,2026-03-26 23:00:00.071,2026-04-10 17:08:05.010,2026-04-10 22:07:40.189,Unknown and Open,2026-04-10,2,2026-03-26 00:00:00.000,2026-03-26 23:00:00.071,2026-04-10 17:08:05.010,2026-04-10 22:07:40.189,Unknown and Open,2026-04-10,Unknown,Open,Assumed open,Open,Assumed open,None,2026-03-26,2026-03-26 00:00:00.000,legacy_price_timestamp,409e2b425098cf538b36dc3e0255079e737170563ae91d5594c1fdcdea92c069,,,,,0.0,True,Open,Assumed open,None,2026-03-26,2026-03-26 00:00:00.000,legacy_price_timestamp,409e2b425098cf538b36dc3e0255079e737170563ae91d5594c1fdcdea92c069,,,,,0.0,True
2026-03-27,2,2026-03-27 00:00:00.000,2026-03-27 23:20:00.044,2026-04-10 17:08:05.010,2026-04-10 22:07:40.189,Unknown and Open,2026-04-10,2,2026-03-27 00:00:00.000,2026-03-27 23:20:00.044,2026-04-10 17:08:05.010,2026-04-10 22:07:40.189,Unknown and Open,2026-04-10,2,2026-03-27 00:00:00.000,2026-03-27 23:20:00.044,2026-04-10 17:08:05.010,2026-04-10 22:07:40.189,Unknown and Open,2026-04-10,Unknown,Open,Assumed open,Open,Assumed open,None,2026-03-27,2026-03-27 00:00:00.000,legacy_price_timestamp,7ab7f0aca3090b46a2ec41665f9cc5efb7f42e221b665fe5614e51248d632155,,,,,0.0,True,Open,Assumed open,None,2026-03-27,2026-03-27 00:00:00.000,legacy_price_timestamp,7ab7f0aca3090b46a2ec41665f9cc5efb7f42e221b665fe5614e51248d632155,,,,,0.0,True
2026-03-28,2,2026-03-28 00:00:00.000,2026-03-28 22:20:00.054,2026-04-10 17:08:05.010,2026-04-10 22:07:40.189,Unknown and Open,2026-04-10,2,2026-03-28 00:00:00.000,2026-03-28 22:20:00.054,2026-04-10 17:08:05.010,2026-04-10 22:07:40.189,Unknown and Open,2026-04-10,2,2026-03-28 00:00:00.000,2026-03-28 22:20:00.054,2026-04-10 17:08:05.010,2026-04-10 22:07:40.189,Unknown and Open,2026-04-10,Unknown,Open,Assumed open,Open,Assumed open,None,2026-03-28,2026-03-28 00:00:00.000,legacy_price_timestamp,14fdde5fc67e17829b84a1c4cef01976c2bf67e87076b3e28d4ae17a60676c78,,,,,0.0,True,Open,Assumed open,None,2026-03-28,2026-03-28 00:00:00.000,legacy_price_timestamp,14fdde5fc67e17829b84a1c4cef01976c2bf67e87076b3e28d4ae17a60676c78,,,,,0.0,True
2026-03-29,2,2026-03-29 00:00:00.000,2026-03-29 22:40:00.065,2026-04-10 17:08:05.010,2026-04-10 22:07:40.189,Unknown and Open,2026-04-10,2,2026-03-29 00:00:00.000,2026-03-29 22:40:00.065,2026-04-10 17:08:05.010,2026-04-10 22:07:40.189,Unknown and Open,2026-04-10,2,2026-03-29 00:00:00.000,2026-03-29 22:40:00.065,2026-04-10 17:08:05.010,2026-04-10 22:07:40.189,Unknown and Open,2026-04-10,Unknown,Open,Assumed open,Open,Assumed open,None,2026-03-29,2026-03-29 00:00:00.000,legacy_price_timestamp,409f01c3e629547f9095eef8552a4808bc14a843e430f7a5984839e0032cb0bc,,,,,0.0,True,Open,Assumed open,None,2026-03-29,2026-03-29 00:00:00.000,legacy_price_timestamp,409f01c3e629547f9095eef8552a4808bc14a843e430f7a5984839e0032cb0bc,,,,,0.0,True
2026-03-30,2,2026-03-30 00:00:00.000,2026-03-30 23:00:00.066,2026-04-10 17:08:05.010,2026-04-10 22:07:40.189,Unknown and Open,2026-04-10,2,2026-03-30 00:00:00.000,2026-03-30 23:00:00.066,2026-04-10 17:08:05.010,2026-04-10 22:07:40.189,Unknown and Open,2026-04-10,2,2026-03-30 00:00:00.000,2026-03-30 23:00:00.066,2026-04-10 17:08:05.010,2026-04-10 22:07:40.189,Unknown and Open,2026-04-10,Unknown,Open,Assumed open,Open,Assumed open,None,2026-03-30,2026-03-30 00:00:00.000,legacy_price_timestamp,ea676560d879c4c6c5d0e01694db33d9f94a745a92e8aab72a41b10c78fa5c23,,,,,0.0,True,Open,Assumed open,None,2026-03-30,2026-03-30 00:00:00.000,legacy_price_timestamp,ea676560d879c4c6c5d0e01694db33d9f94a745a92e8aab72a41b10c78fa5c23,,,,,0.0,True
2026-03-31,2,2026-03-31 00:00:00.000,2026-03-31 23:40:00.014,2026-04-10 17:08:05.010,2026-04-10 22:07:40.189,Unknown and Open,2026-04-10,2,2026-03-31 00:00:00.000,2026-03-31 23:40:00.014,2026-04-10 17:08:05.010,2026-04-10 22:07:40.189,Unknown and Open,2026-04-10,2,2026-03-31 00:00:00.000,2026-03-31 23:40:00.014,2026-04-10 17:08:05.010,2026-04-10 22:07:40.189,Unknown and Open,2026-04-10,Unknown,Open,Assumed open,Open,Assumed open,None,2026-03-31,2026-03-31 00:00:00.000,legacy_price_timestamp,8bb893b9dd7e87d7876a3c8645b20eba2e5ce97c57e98242925da7e61d21ee24,,,,,0.0,True,Open,Assumed open,None,2026-03-31,2026-03-31 00:00:00.000,legacy_price_timestamp,8bb893b9dd7e87d7876a3c8645b20eba2e5ce97c57e98242925da7e61d21ee24,,,,,0.0,True
2026-04-01,2,2026-04-01 00:00:00.000,2026-04-01 21:40:00.059,2026-04-10 17:08:05.010,2026-04-10 22:07:40.189,Unknown and Open,2026-04-10,2,2026-04-01 00:00:00.000,2026-04-01 21:40:00.059,2026-04-10 17:08:05.010,2026-04-10 22:07:40.189,Unknown and Open,2026-04-10,2,2026-04-01 00:00:00.000,2026-04-01 21:40:00.059,2026-04-10 17:08:05.010,2026-04-10 22:07:40.189,Unknown and Open,2026-04-10,Unknown,Open,Assumed open,Open,Assumed open,None,2026-04-01,2026-04-01 00:00:00.000,legacy_price_timestamp,d9c17e3b68794e08728fb7411b719e650dc0069fc94107fe70482241e96f5f5d,,,,,0.0,True,Open,Assumed open,None,2026-04-01,2026-04-01 00:00:00.000,legacy_price_timestamp,d9c17e3b68794e08728fb7411b719e650dc0069fc94107fe70482241e96f5f5d,,,,,0.0,True
2026-04-02,2,2026-04-02 00:00:00.000,2026-04-02 22:20:00.054,2026-04-10 17:08:05.010,2026-04-10 22:07:40.189,Unknown and Open,2026-04-10,2,2026-04-02 00:00:00.000,2026-04-02 22:20:00.054,2026-04-10 17:08:05.010,2026-04-10 22:07:40.189,Unknown and Open,2026-04-10,2,2026-04-02 00:00:00.000,2026-04-02 22:20:00.054,2026-04-10 17:08:05.010,2026-04-10 22:07:40.189,Unknown and Open,2026-04-10,Unknown,Open,Assumed open,Open,Assumed open,None,2026-04-02,2026-04-02 00:00:00.000,legacy_price_timestamp,18714ff5536bdd139dad654107c3cfa231d19d259fc8121d04c296adde97a048,,,,,0.0,True,Open,Assumed open,None,2026-04-02,2026-04-02 00:00:00.000,legacy_price_timestamp,18714ff5536bdd139dad654107c3cfa231d19d259fc8121d04c296adde97a048,,,,,0.0,True
2026-04-03,3,2026-04-03 00:00:00.000,2026-04-03 22:20:00.046,2026-04-10 17:08:05.010,2026-04-10 22:07:40.189,Unknown and Open,2026-04-10,3,2026-04-03 00:00:00.000,2026-04-03 22:20:00.046,2026-04-10 17:08:05.010,2026-04-10 22:07:40.189,Unknown and Open,2026-04-10,3,2026-04-03 00:00:00.000,2026-04-03 22:20:00.046,2026-04-10 17:08:05.010,2026-04-10 22:07:40.189,Unknown and Open,2026-04-10,Unknown,Open,Assumed open,Unknown,Assumed open,None,2026-04-03,,corrupted_unknown,,,,,,,False,Unknown,Assumed open,None,2026-04-03,,corrupted_unknown,,,,,,,False
2026-04-04,9,2026-04-04 00:00:00.000,2026-04-04 22:00:00.032,2026-04-10 17:08:05.010,2026-04-10 22:07:40.189,Unknown and Open,2026-04-10,9,2026-04-04 00:00:00.000,2026-04-04 22:00:00.032,2026-04-10 17:08:05.010,2026-04-10 22:07:40.189,Unknown and Open,2026-04-10,9,2026-04-04 00:00:00.000,2026-04-04 22:00:00.032,2026-04-10 17:08:05.010,2026-04-10 22:07:40.189,Unknown and Open,2026-04-10,Unknown,Open,Assumed open,Open,Assumed open,None,2026-04-04,2026-04-04 00:00:00.000,legacy_price_timestamp,c26844cb046c9db690b1e5373e0c3466b1e096792079ad405b821d220797cf60,,,,,0.0,True,Open,Assumed open,None,2026-04-04,2026-04-04 00:00:00.000,legacy_price_timestamp,c26844cb046c9db690b1e5373e0c3466b1e096792079ad405b821d220797cf60,,,,,0.0,True
2026-04-05,9,2026-04-05 00:00:00.000,2026-04-05 23:40:00.025,2026-04-10 17:08:05.010,2026-04-10 22:07:40.189,Unknown and Open,2026-04-10,9,2026-04-05 00:00:00.000,2026-04-05 23:40:00.025,2026-04-10 17:08:05.010,2026-04-10 22:07:40.189,Unknown and Open,2026-04-10,9,2026-04-05 00:00:00.000,2026-04-05 23:40:00.025,2026-04-10 17:08:05.010,2026-04-10 22:07:40.189,Unknown and Open,2026-04-10,Unknown,Open,Assumed open,Open,Assumed open,None,2026-04-05,2026-04-05 00:00:00.000,legacy_price_timestamp,788a4499a19367a5fb4a082f46c36c54b03b12be0d85e1849b255cc4ac357df4,,,,,0.0,True,Open,Assumed open,None,2026-04-05,2026-04-05 00:00:00.000,legacy_price_timestamp,788a4499a19367a5fb4a082f46c36c54b03b12be0d85e1849b255cc4ac357df4,,,,,0.0,True
2026-04-06,9,2026-04-06 00:00:00.000,2026-04-06 23:20:00.017,2026-04-10 17:08:05.010,2026-04-10 22:07:40.189,Unknown and Open,2026-04-10,9,2026-04-06 00:00:00.000,2026-04-06 23:20:00.017,2026-04-10 17:08:05.010,2026-04-10 22:07:40.189,Unknown and Open,2026-04-10,9,2026-04-06 00:00:00.000,2026-04-06 23:20:00.017,2026-04-10 17:08:05.010,2026-04-10 22:07:40.189,Unknown and Open,2026-04-10,Unknown,Open,Assumed open,Open,Assumed open,None,2026-04-06,2026-04-06 00:00:00.000,legacy_price_timestamp,902934d3266bb11ffa47aa767b06608858d060e2a621e8d3f0cfd7e269a752ca,,,,,0.0,True,Open,Assumed open,None,2026-04-06,2026-04-06 00:00:00.000,legacy_price_timestamp,902934d3266bb11ffa47aa767b06608858d060e2a621e8d3f0cfd7e269a752ca,,,,,0.0,True
2026-04-07,9,2026-04-07 00:00:00.000,2026-04-07 23:00:00.038,2026-04-10 17:08:05.010,2026-04-10 22:07:40.189,Unknown and Open,2026-04-10,9,2026-04-07 00:00:00.000,2026-04-07 23:00:00.038,2026-04-10 17:08:05.010,2026-04-10 22:07:40.189,Unknown and Open,2026-04-10,9,2026-04-07 00:00:00.000,2026-04-07 23:00:00.038,2026-04-10 17:08:05.010,2026-04-10 22:07:40.189,Unknown and Open,2026-04-10,Open,Open,Assumed open,Open,Assumed open,None,2026-04-07,2026-04-07 00:00:00.000,legacy_price_timestamp,bd90063cb1fcbe4d3cc69522f2fdcd7bc6628ad79c54e305a30c914f28b35d7b,,,,,0.0,True,Open,Assumed open,None,2026-04-07,2026-04-07 00:00:00.000,legacy_price_timestamp,bd90063cb1fcbe4d3cc69522f2fdcd7bc6628ad79c54e305a30c914f28b35d7b,,,,,0.0,True
2026-04-08,9,2026-04-08 00:00:00.000,2026-04-08 22:20:00.004,2026-04-10 17:08:05.010,2026-04-10 22:07:40.189,Unknown and Open,2026-04-10,9,2026-04-08 00:00:00.000,2026-04-08 22:20:00.004,2026-04-10 17:08:05.010,2026-04-10 22:07:40.189,Unknown and Open,2026-04-10,9,2026-04-08 00:00:00.000,2026-04-08 22:20:00.004,2026-04-10 17:08:05.010,2026-04-10 22:07:40.189,Unknown and Open,2026-04-10,Open,Open,Assumed open,Open,Assumed open,None,2026-04-08,2026-04-08 00:00:00.000,legacy_price_timestamp,2395002c20605de814226276073e3b92d4486b3d238499fee62ec3f96ff53062,,,,,0.0,True,Open,Assumed open,None,2026-04-08,2026-04-08 00:00:00.000,legacy_price_timestamp,2395002c20605de814226276073e3b92d4486b3d238499fee62ec3f96ff53062,,,,,0.0,True
2026-04-09,8,2026-04-09 00:00:00.000,2026-04-09 22:20:00.025,2026-04-10 17:08:05.010,2026-04-10 22:07:40.189,Unknown and Open,2026-04-10,8,2026-04-09 00:00:00.000,2026-04-09 22:20:00.025,2026-04-10 17:08:05.010,2026-04-10 22:07:40.189,Unknown and Open,2026-04-10,8,2026-04-09 00:00:00.000,2026-04-09 22:20:00.025,2026-04-10 17:08:05.010,2026-04-10 22:07:40.189,Unknown and Open,2026-04-10,Open,Open,Assumed open,Open,Assumed open,None,2026-04-09,2026-04-09 00:00:00.000,legacy_price_timestamp,63a5c624803f42ef75c71e66a167b7285a03031ab70d1cf02ded8ebc3af56f63,,,,,0.0,True,Open,Assumed open,None,2026-04-09,2026-04-09 00:00:00.000,legacy_price_timestamp,63a5c624803f42ef75c71e66a167b7285a03031ab70d1cf02ded8ebc3af56f63,,,,,0.0,True
2026-04-10,14,2026-04-10 00:00:00.000,2026-04-10 23:20:00.028,2026-04-10 17:08:05.011,2026-04-11 04:22:11.270,Unknown and Open,"2026-04-10, 2026-04-11",14,2026-04-10 00:00:00.000,2026-04-10 23:20:00.028,2026-04-10 17:08:05.011,2026-04-11 04:22:11.270,Unknown and Open,"2026-04-10, 2026-04-11",14,2026-04-10 00:00:00.000,2026-04-10 23:20:00.028,2026-04-10 17:08:05.011,2026-04-11 04:22:11.270,Unknown and Open,"2026-04-10, 2026-04-11",Open,Open,Assumed open,Open,Assumed open,None,2026-04-10,2026-04-10 00:00:00.000,legacy_price_timestamp,a5e88644010c9b79fd44570fb83a2c0ae3bcfbf9348d58e4cee9bc5b2e24297c,,,,,0.0,True,Open,Assumed open,None,2026-04-10,2026-04-10 00:00:00.000,legacy_price_timestamp,a5e88644010c9b79fd44570fb83a2c0ae3bcfbf9348d58e4cee9bc5b2e24297c,,,,,0.0,True
2026-04-11,16,2026-04-11 01:20:00.031,2026-04-11 23:00:00.020,2026-04-11 04:22:11.270,2026-04-12 01:46:11.397,Open,"2026-04-11, 2026-04-12",16,2026-04-11 01:20:00.031,2026-04-11 23:00:00.020,2026-04-11 04:22:11.270,2026-04-12 01:46:11.397,Open,"2026-04-11, 2026-04-12",16,2026-04-11 01:20:00.031,2026-04-11 23:00:00.020,2026-04-11 04:22:11.270,2026-04-12 01:46:11.397,Open,"2026-04-11, 2026-04-12",Open,Open,Allowed,Open,Allowed,None,2026-04-11,2026-04-10 22:07:38.752,legacy_price_timestamp,b109ddfa9dbe650de5f8a085eb6e8fe48590a301b67229830b2fb13912c6da82,,,,,1.8725688888888887,True,Open,Allowed,None,2026-04-11,2026-04-10 22:07:38.752,legacy_price_timestamp,b109ddfa9dbe650de5f8a085eb6e8fe48590a301b67229830b2fb13912c6da82,,,,,1.8725688888888887,True
2026-04-12,16,2026-04-12 01:00:00.044,2026-04-12 22:00:00.058,2026-04-12 01:46:11.397,2026-04-13 01:21:53.254,Open,"2026-04-12, 2026-04-13",16,2026-04-12 01:00:00.044,2026-04-12 22:00:00.058,2026-04-12 01:46:11.397,2026-04-13 01:21:53.254,Open,"2026-04-12, 2026-04-13",16,2026-04-12 01:00:00.044,2026-04-12 22:00:00.058,2026-04-12 01:46:11.397,2026-04-13 01:21:53.254,Open,"2026-04-12, 2026-04-13",Open,Open,Allowed,Open,Allowed,None,2026-04-12,2026-04-11 20:46:11.465,legacy_price_timestamp,550cd4c92164d424d87645a25dea9256a9e9bc265e1db2bde4664d9113e722a5,,,,,3.2301486111111113,True,Open,Allowed,None,2026-04-12,2026-04-11 20:46:11.465,legacy_price_timestamp,550cd4c92164d424d87645a25dea9256a9e9bc265e1db2bde4664d9113e722a5,,,,,3.2301486111111113,True
2026-04-13,18,2026-04-13 00:20:00.003,2026-04-13 22:20:00.014,2026-04-13 01:21:53.254,2026-04-14 01:20:19.219,Open,"2026-04-13, 2026-04-14",18,2026-04-13 00:20:00.003,2026-04-13 22:20:00.014,2026-04-13 01:21:53.254,2026-04-14 01:20:19.219,Open,"2026-04-13, 2026-04-14",18,2026-04-13 00:20:00.003,2026-04-13 22:20:00.014,2026-04-13 01:21:53.254,2026-04-14 01:20:19.219,Open,"2026-04-13, 2026-04-14",Open,Open,Allowed,Open,Allowed,None,2026-04-13,2026-04-12 21:03:21.577,legacy_price_timestamp,2ad2050f513003acb2c59a3b56d5db1a7b246fc64684c2f24b80446c85fde14d,,,,,2.944006388888889,True,Open,Allowed,None,2026-04-13,2026-04-12 21:03:21.577,legacy_price_timestamp,2ad2050f513003acb2c59a3b56d5db1a7b246fc64684c2f24b80446c85fde14d,,,,,2.944006388888889,True
2026-04-14,18,2026-04-14 00:40:00.056,2026-04-14 23:40:00.062,2026-04-14 01:20:19.219,2026-04-15 01:20:21.875,Open,"2026-04-14, 2026-04-15",18,2026-04-14 00:40:00.056,2026-04-14 23:40:00.062,2026-04-14 01:20:19.219,2026-04-15 01:20:21.875,Open,"2026-04-14, 2026-04-15",18,2026-04-14 00:40:00.056,2026-04-14 23:40:00.062,2026-04-14 01:20:19.219,2026-04-15 01:20:21.875,Open,"2026-04-14, 2026-04-15",Open,Open,Allowed,Open,Allowed,None,2026-04-14,2026-04-13 21:21:50.889,legacy_price_timestamp,71ca553cc51637dd0f6476595a7cab817582c3d810145949c116ba0d59427e25,,,,,2.635864166666667,True,Open,Allowed,None,2026-04-14,2026-04-13 21:21:50.889,legacy_price_timestamp,71ca553cc51637dd0f6476595a7cab817582c3d810145949c116ba0d59427e25,,,,,2.635864166666667,True
2026-04-15,18,2026-04-15 01:20:20.597,2026-04-15 23:20:00.047,2026-04-15 01:20:21.875,2026-04-16 01:20:21.983,Open,"2026-04-15, 2026-04-16",18,2026-04-15 01:20:20.597,2026-04-15 23:20:00.047,2026-04-15 01:20:21.875,2026-04-16 01:20:21.983,Open,"2026-04-15, 2026-04-16",18,2026-04-15 01:20:20.597,2026-04-15 23:20:00.047,2026-04-15 01:20:21.875,2026-04-16 01:20:21.983,Open,"2026-04-15, 2026-04-16",Open,Open,Allowed,Open,Allowed,None,2026-04-15,2026-04-14 21:20:18.270,legacy_price_timestamp,e4b31a100e7d6ecbe3aa936ba7afd1644be15eb94b32ab69ce63a23a3511be08,,,,,2.6615916666666664,True,Open,Allowed,None,2026-04-15,2026-04-14 21:20:18.270,legacy_price_timestamp,e4b31a100e7d6ecbe3aa936ba7afd1644be15eb94b32ab69ce63a23a3511be08,,,,,2.6615916666666664,True
2026-04-16,20,2026-04-16 01:20:00.048,2026-04-16 23:51:14.242,2026-04-16 01:20:21.983,2026-04-17 01:20:22.533,Open,"2026-04-16, 2026-04-17",20,2026-04-16 01:20:00.048,2026-04-16 23:51:14.242,2026-04-16 01:20:21.983,2026-04-17 01:20:22.533,Open,"2026-04-16, 2026-04-17",20,2026-04-16 01:20:00.048,2026-04-16 23:51:14.242,2026-04-16 01:20:21.983,2026-04-17 01:20:22.533,Open,"2026-04-16, 2026-04-17",Open,Open,Allowed,Open,Allowed,None,2026-04-16,2026-04-15 21:20:18.471,legacy_price_timestamp,fd380956e1c516981f3b462b49fac969346a66b7fe526e70fa177b8d12b247a7,,,,,2.6615358333333337,True,Open,Allowed,None,2026-04-16,2026-04-15 21:20:18.471,legacy_price_timestamp,fd380956e1c516981f3b462b49fac969346a66b7fe526e70fa177b8d12b247a7,,,,,2.6615358333333337,True
2026-04-17,16,2026-04-17 01:20:21.160,2026-04-17 21:40:00.046,2026-04-17 01:20:22.533,2026-04-18 01:20:24.408,Open,"2026-04-17, 2026-04-18",16,2026-04-17 01:20:21.160,2026-04-17 21:40:00.046,2026-04-17 01:20:22.533,2026-04-18 01:20:24.408,Open,"2026-04-17, 2026-04-18",16,2026-04-17 01:20:21.160,2026-04-17 21:40:00.046,2026-04-17 01:20:22.533,2026-04-18 01:20:24.408,Open,"2026-04-17, 2026-04-18",Open,Open,Allowed,Open,Allowed,None,2026-04-17,2026-04-16 21:20:19.941,legacy_price_timestamp,a6a076fe5590802632e129f2d51e4cc358ff16562d9e1403f81dec05c78c7bc7,,,,,2.6611274999999996,True,Open,Allowed,None,2026-04-17,2026-04-16 21:20:19.941,legacy_price_timestamp,a6a076fe5590802632e129f2d51e4cc358ff16562d9e1403f81dec05c78c7bc7,,,,,2.6611274999999996,True
2026-04-18,18,2026-04-18 00:00:00.064,2026-04-18 22:20:00.013,2026-04-18 01:20:24.408,2026-04-19 01:20:22.877,Open,"2026-04-18, 2026-04-19",18,2026-04-18 00:00:00.064,2026-04-18 22:20:00.013,2026-04-18 01:20:24.408,2026-04-19 01:20:22.877,Open,"2026-04-18, 2026-04-19",18,2026-04-18 00:00:00.064,2026-04-18 22:20:00.013,2026-04-18 01:20:24.408,2026-04-19 01:20:22.877,Open,"2026-04-18, 2026-04-19",Open,Open,Allowed,Open,Allowed,None,2026-04-18,2026-04-17 21:20:26.571,legacy_price_timestamp,6737900f814e7789d673da58b9cdfc3ff1e684fd6f710a75fa0aade04d67791b,,,,,2.6592858333333336,True,Open,Allowed,None,2026-04-18,2026-04-17 21:20:26.571,legacy_price_timestamp,6737900f814e7789d673da58b9cdfc3ff1e684fd6f710a75fa0aade04d67791b,,,,,2.6592858333333336,True
2026-04-19,18,2026-04-19 00:20:00.034,2026-04-19 23:00:00.025,2026-04-19 01:20:22.877,2026-04-20 01:20:23.099,Open,"2026-04-19, 2026-04-20",18,2026-04-19 00:20:00.034,2026-04-19 23:00:00.025,2026-04-19 01:20:22.877,2026-04-20 01:20:23.099,Open,"2026-04-19, 2026-04-20",18,2026-04-19 00:20:00.034,2026-04-19 23:00:00.025,2026-04-19 01:20:22.877,2026-04-20 01:20:23.099,Open,"2026-04-19, 2026-04-20",Open,Open,Allowed,Open,Allowed,None,2026-04-19,2026-04-18 21:20:19.973,legacy_price_timestamp,0ab5aa63074baa20602a6bb4991c7bb16e2a82a1daf7217a04da316581e8c89f,,,,,2.661118611111111,True,Open,Allowed,None,2026-04-19,2026-04-18 21:20:19.973,legacy_price_timestamp,0ab5aa63074baa20602a6bb4991c7bb16e2a82a1daf7217a04da316581e8c89f,,,,,2.661118611111111,True
2026-04-20,17,2026-04-20 01:00:00.029,2026-04-20 23:00:00.053,2026-04-20 01:20:23.099,2026-04-21 01:37:59.773,Open,"2026-04-20, 2026-04-21",17,2026-04-20 01:00:00.029,2026-04-20 23:00:00.053,2026-04-20 01:20:23.099,2026-04-21 01:37:59.773,Open,"2026-04-20, 2026-04-21",17,2026-04-20 01:00:00.029,2026-04-20 23:00:00.053,2026-04-20 01:20:23.099,2026-04-21 01:37:59.773,Open,"2026-04-20, 2026-04-21",Open,Open,Allowed,Open,Allowed,None,2026-04-20,2026-04-19 21:20:22.147,legacy_price_timestamp,92c50be3c9b0573228e8d1b757e96178c89d443759c155d2cfc27476c2538d68,,,,,2.660514722222222,True,Open,Allowed,None,2026-04-20,2026-04-19 21:20:22.147,legacy_price_timestamp,92c50be3c9b0573228e8d1b757e96178c89d443759c155d2cfc27476c2538d68,,,,,2.660514722222222,True
2026-04-21,17,2026-04-21 01:20:00.006,2026-04-21 23:20:00.061,2026-04-21 01:37:59.773,2026-04-22 01:32:32.451,Open,"2026-04-21, 2026-04-22",17,2026-04-21 01:20:00.006,2026-04-21 23:20:00.061,2026-04-21 01:37:59.773,2026-04-22 01:32:32.451,Open,"2026-04-21, 2026-04-22",17,2026-04-21 01:20:00.006,2026-04-21 23:20:00.061,2026-04-21 01:37:59.773,2026-04-22 01:32:32.451,Open,"2026-04-21, 2026-04-22",Open,Open,Allowed,Open,Allowed,None,2026-04-21,2026-04-20 21:37:58.451,legacy_price_timestamp,73e1aaf36ac401ff8199e191a8e9eb29a4c9037dca88a298cce75d95a96565dd,,,,,2.3670969444444445,True,Open,Allowed,None,2026-04-21,2026-04-20 21:37:58.451,legacy_price_timestamp,73e1aaf36ac401ff8199e191a8e9eb29a4c9037dca88a298cce75d95a96565dd,,,,,2.3670969444444445,True
2026-04-22,17,2026-04-22 01:20:00.069,2026-04-22 23:40:00.054,2026-04-22 01:32:32.451,2026-04-23 01:11:40.429,Open,"2026-04-22, 2026-04-23",17,2026-04-22 01:20:00.069,2026-04-22 23:40:00.054,2026-04-22 01:32:32.451,2026-04-23 01:11:40.429,Open,"2026-04-22, 2026-04-23",17,2026-04-22 01:20:00.069,2026-04-22 23:40:00.054,2026-04-22 01:32:32.451,2026-04-23 01:11:40.429,Open,"2026-04-22, 2026-04-23",Open,Open,Allowed,Open,Allowed,None,2026-04-22,2026-04-21 21:32:30.739,legacy_price_timestamp,47fef1938ece45a6721348ae3724d5d19909854dd83bc0fed8b6147990b6c930,,,,,2.4581280555555556,True,Open,Allowed,None,2026-04-22,2026-04-21 21:32:30.739,legacy_price_timestamp,47fef1938ece45a6721348ae3724d5d19909854dd83bc0fed8b6147990b6c930,,,,,2.4581280555555556,True
2026-04-23,17,2026-04-23 01:11:39.075,2026-04-23 23:40:00.057,2026-04-23 01:11:40.429,2026-04-24 01:11:41.903,Open,"2026-04-23, 2026-04-24",17,2026-04-23 01:11:39.075,2026-04-23 23:40:00.057,2026-04-23 01:11:40.429,2026-04-24 01:11:41.903,Open,"2026-04-23, 2026-04-24",17,2026-04-23 01:11:39.075,2026-04-23 23:40:00.057,2026-04-23 01:11:40.429,2026-04-24 01:11:41.903,Open,"2026-04-23, 2026-04-24",Open,Open,Allowed,Open,Allowed,None,2026-04-23,2026-04-22 21:11:39.258,legacy_price_timestamp,ca407d28941b0d1e74c1c740b03d87893ab97a673f6f1d2318ab503aaaab02f0,,,,,2.8057616666666667,True,Open,Allowed,None,2026-04-23,2026-04-22 21:11:39.258,legacy_price_timestamp,ca407d28941b0d1e74c1c740b03d87893ab97a673f6f1d2318ab503aaaab02f0,,,,,2.8057616666666667,True
2026-04-24,17,2026-04-24 01:11:40.613,2026-04-24 23:00:00.055,2026-04-24 01:11:41.903,2026-04-25 01:14:50.505,Open,"2026-04-24, 2026-04-25",17,2026-04-24 01:11:40.613,2026-04-24 23:00:00.055,2026-04-24 01:11:41.903,2026-04-25 01:14:50.505,Open,"2026-04-24, 2026-04-25",17,2026-04-24 01:11:40.613,2026-04-24 23:00:00.055,2026-04-24 01:11:41.903,2026-04-25 01:14:50.505,Open,"2026-04-24, 2026-04-25",Open,Open,Allowed,Open,Allowed,None,2026-04-24,2026-04-23 21:11:39.874,legacy_price_timestamp,b536cc0fb9a698a50398efca8bc152512cf7467ca07f09e75265218f0738ed1e,,,,,2.805590555555556,True,Open,Allowed,None,2026-04-24,2026-04-23 21:11:39.874,legacy_price_timestamp,b536cc0fb9a698a50398efca8bc152512cf7467ca07f09e75265218f0738ed1e,,,,,2.805590555555556,True
2026-04-25,17,2026-04-25 01:14:49.178,2026-04-25 22:40:00.042,2026-04-25 01:14:50.505,2026-04-26 01:06:12.252,Open,"2026-04-25, 2026-04-26",17,2026-04-25 01:14:49.178,2026-04-25 22:40:00.042,2026-04-25 01:14:50.505,2026-04-26 01:06:12.252,Open,"2026-04-25, 2026-04-26",17,2026-04-25 01:14:49.178,2026-04-25 22:40:00.042,2026-04-25 01:14:50.505,2026-04-26 01:06:12.252,Open,"2026-04-25, 2026-04-26",Open,Open,Allowed,Open,Allowed,None,2026-04-25,2026-04-24 21:14:47.398,legacy_price_timestamp,075d6a1d697b89faaf17fe10c06ca691d425cf8bfe20b955c5daae2d3ce2c1ae,,,,,2.7535005555555556,True,Open,Allowed,None,2026-04-25,2026-04-24 21:14:47.398,legacy_price_timestamp,075d6a1d697b89faaf17fe10c06ca691d425cf8bfe20b955c5daae2d3ce2c1ae,,,,,2.7535005555555556,True
2026-04-26,17,2026-04-26 00:40:00.046,2026-04-26 22:40:00.015,2026-04-26 01:06:12.252,2026-04-27 01:06:00.305,Open,"2026-04-26, 2026-04-27",17,2026-04-26 00:40:00.046,2026-04-26 22:40:00.015,2026-04-26 01:06:12.252,2026-04-27 01:06:00.305,Open,"2026-04-26, 2026-04-27",17,2026-04-26 00:40:00.046,2026-04-26 22:40:00.015,2026-04-26 01:06:12.252,2026-04-27 01:06:00.305,Open,"2026-04-26, 2026-04-27",Open,Open,Allowed,Open,Allowed,None,2026-04-26,2026-04-25 21:06:02.545,legacy_price_timestamp,fcdc2cd528c13d8f1eea9c72042ba7e7a3a3e10f2cfa786a0221203f1f2a0e81,,,,,2.8992930555555554,True,Open,Allowed,None,2026-04-26,2026-04-25 21:06:02.545,legacy_price_timestamp,fcdc2cd528c13d8f1eea9c72042ba7e7a3a3e10f2cfa786a0221203f1f2a0e81,,,,,2.8992930555555554,True
2026-04-27,17,2026-04-27 00:40:00.045,2026-04-27 22:20:00.065,2026-04-27 01:06:00.305,2026-04-28 01:06:03.362,Open,"2026-04-27, 2026-04-28",17,2026-04-27 00:40:00.045,2026-04-27 22:20:00.065,2026-04-27 01:06:00.305,2026-04-28 01:06:03.362,Open,"2026-04-27, 2026-04-28",17,2026-04-27 00:40:00.045,2026-04-27 22:20:00.065,2026-04-27 01:06:00.305,2026-04-28 01:06:03.362,Open,"2026-04-27, 2026-04-28",Open,Open,Allowed,Open,Allowed,None,2026-04-27,2026-04-26 21:06:01.212,legacy_price_timestamp,e66ad78d5099da3478102cfebd9f76c6178a29fc35f99b5be3b45c969790f5de,,,,,2.8996633333333333,True,Open,Allowed,None,2026-04-27,2026-04-26 21:06:01.212,legacy_price_timestamp,e66ad78d5099da3478102cfebd9f76c6178a29fc35f99b5be3b45c969790f5de,,,,,2.8996633333333333,True
2026-04-28,17,2026-04-28 00:40:00.032,2026-04-28 22:20:00.037,2026-04-28 01:06:03.362,2026-04-29 01:18:52.106,Open,"2026-04-28, 2026-04-29",17,2026-04-28 00:40:00.032,2026-04-28 22:20:00.037,2026-04-28 01:06:03.362,2026-04-29 01:18:52.106,Open,"2026-04-28, 2026-04-29",17,2026-04-28 00:40:00.032,2026-04-28 22:20:00.037,2026-04-28 01:06:03.362,2026-04-29 01:18:52.106,Open,"2026-04-28, 2026-04-29",Open,Open,Allowed,Open,Allowed,None,2026-04-28,2026-04-27 21:05:59.227,legacy_price_timestamp,bd322d9018f28dbfcca9c61fe9da5e8f361d78a25af13883281f7a08b94f9c28,,,,,2.900214722222222,True,Open,Allowed,None,2026-04-28,2026-04-27 21:05:59.227,legacy_price_timestamp,bd322d9018f28dbfcca9c61fe9da5e8f361d78a25af13883281f7a08b94f9c28,,,,,2.900214722222222,True
2026-04-29,17,2026-04-29 00:40:00.058,2026-04-29 22:00:00.002,2026-04-29 01:18:52.106,2026-04-30 01:45:57.163,Open,"2026-04-29, 2026-04-30",17,2026-04-29 00:40:00.058,2026-04-29 22:00:00.002,2026-04-29 01:18:52.106,2026-04-30 01:45:57.163,Open,"2026-04-29, 2026-04-30",17,2026-04-29 00:40:00.058,2026-04-29 22:00:00.002,2026-04-29 01:18:52.106,2026-04-30 01:45:57.163,Open,"2026-04-29, 2026-04-30",Open,Open,Allowed,Open,Allowed,None,2026-04-29,2026-04-28 21:18:49.112,legacy_price_timestamp,605d6e9f10d0863ee47a221ecce412d80030f1a74d8269dc0473d1de60267ff4,,,,,2.686357777777778,True,Open,Allowed,None,2026-04-29,2026-04-28 21:18:49.112,legacy_price_timestamp,605d6e9f10d0863ee47a221ecce412d80030f1a74d8269dc0473d1de60267ff4,,,,,2.686357777777778,True
2026-04-30,18,2026-04-30 00:00:00.020,2026-04-30 23:40:00.059,2026-04-30 01:45:57.163,2026-05-01 01:46:54.919,Open,"2026-04-30, 2026-05-01",18,2026-04-30 00:00:00.020,2026-04-30 23:40:00.059,2026-04-30 01:45:57.163,2026-05-01 01:46:54.919,Open,"2026-04-30, 2026-05-01",18,2026-04-30 00:00:00.020,2026-04-30 23:40:00.059,2026-04-30 01:45:57.163,2026-05-01 01:46:54.919,Open,"2026-04-30, 2026-05-01",Open,Open,Allowed,Open,Allowed,None,2026-04-30,2026-04-29 21:48:46.408,legacy_price_timestamp,d60b276c32166b5cd1d019c5d23b9e4aaad9d1f067ab73c6f8341f8430cadc69,,,,,2.187108888888889,True,Open,Allowed,None,2026-04-30,2026-04-29 21:48:46.408,legacy_price_timestamp,d60b276c32166b5cd1d019c5d23b9e4aaad9d1f067ab73c6f8341f8430cadc69,,,,,2.187108888888889,True
2026-05-01,17,2026-05-01 01:46:53.574,2026-05-01 23:40:00.050,2026-05-01 01:46:54.919,2026-05-02 01:20:29.436,Open,"2026-05-01, 2026-05-02",17,2026-05-01 01:46:53.574,2026-05-01 23:40:00.050,2026-05-01 01:46:54.919,2026-05-02 01:20:29.436,Open,"2026-05-01, 2026-05-02",17,2026-05-01 01:46:53.574,2026-05-01 23:40:00.050,2026-05-01 01:46:54.919,2026-05-02 01:20:29.436,Open,"2026-05-01, 2026-05-02",Open,Open,Allowed,Open,Allowed,None,2026-05-01,2026-04-30 21:46:53.582,legacy_price_timestamp,7e41f4bdd653175475321a63843faba24adde3cb572c40e2d908646098978eef,,,,,2.2184494444444445,True,Open,Allowed,None,2026-05-01,2026-04-30 21:46:53.582,legacy_price_timestamp,7e41f4bdd653175475321a63843faba24adde3cb572c40e2d908646098978eef,,,,,2.2184494444444445,True
2026-05-02,16,2026-05-02 01:20:27.622,2026-05-02 22:20:00.035,2026-05-02 01:20:29.436,2026-05-03 01:20:30.596,Open,"2026-05-02, 2026-05-03",16,2026-05-02 01:20:27.622,2026-05-02 22:20:00.035,2026-05-02 01:20:29.436,2026-05-03 01:20:30.596,Open,"2026-05-02, 2026-05-03",16,2026-05-02 01:20:27.622,2026-05-02 22:20:00.035,2026-05-02 01:20:29.436,2026-05-03 01:20:30.596,Open,"2026-05-02, 2026-05-03",Open,Open,Allowed,Open,Allowed,None,2026-05-02,2026-05-01 21:24:28.288,legacy_price_timestamp,33acd4115135f05a252f541f8f2403579272e7140ec31519443dfc77fc126112,,,,,2.592142222222222,True,Open,Allowed,None,2026-05-02,2026-05-01 21:24:28.288,legacy_price_timestamp,33acd4115135f05a252f541f8f2403579272e7140ec31519443dfc77fc126112,,,,,2.592142222222222,True
2026-05-03,18,2026-05-03 00:20:00.091,2026-05-03 23:00:00.039,2026-05-03 01:20:30.596,2026-05-04 01:20:28.302,Open,"2026-05-03, 2026-05-04",18,2026-05-03 00:20:00.091,2026-05-03 23:00:00.039,2026-05-03 01:20:30.596,2026-05-04 01:20:28.302,Open,"2026-05-03, 2026-05-04",18,2026-05-03 00:20:00.091,2026-05-03 23:00:00.039,2026-05-03 01:20:30.596,2026-05-04 01:20:28.302,Open,"2026-05-03, 2026-05-04",Open,Open,Allowed,Open,Allowed,None,2026-05-03,2026-05-02 21:24:52.046,legacy_price_timestamp,2ed5620a3de325c17f76af15f3883423f8a56bf9de37cdf6719f19803f928845,,,,,2.5855427777777775,True,Open,Allowed,None,2026-05-03,2026-05-02 21:24:52.046,legacy_price_timestamp,2ed5620a3de325c17f76af15f3883423f8a56bf9de37cdf6719f19803f928845,,,,,2.5855427777777775,True
2026-05-04,18,2026-05-04 01:00:00.063,2026-05-04 21:40:00.054,2026-05-04 01:20:28.302,2026-05-05 01:25:47.523,Open,"2026-05-04, 2026-05-05",18,2026-05-04 01:00:00.063,2026-05-04 21:40:00.054,2026-05-04 01:20:28.302,2026-05-05 01:25:47.523,Open,"2026-05-04, 2026-05-05",18,2026-05-04 01:00:00.063,2026-05-04 21:40:00.054,2026-05-04 01:20:28.302,2026-05-05 01:25:47.523,Open,"2026-05-04, 2026-05-05",Open,Open,Allowed,Open,Allowed,None,2026-05-04,2026-05-03 21:25:54.105,legacy_price_timestamp,7aa38e51231a8b1448c5f7dd944b5993e4aa6c7847a1b1cd9574d00e9c404591,,,,,2.5683041666666666,True,Open,Allowed,None,2026-05-04,2026-05-03 21:25:54.105,legacy_price_timestamp,7aa38e51231a8b1448c5f7dd944b5993e4aa6c7847a1b1cd9574d00e9c404591,,,,,2.5683041666666666,True
2026-05-05,22,2026-05-05 00:00:00.021,2026-05-05 22:54:25.191,2026-05-05 01:25:47.523,2026-05-06 01:34:16.365,Open,"2026-05-05, 2026-05-06",22,2026-05-05 00:00:00.021,2026-05-05 22:54:25.191,2026-05-05 01:25:47.523,2026-05-06 01:34:16.365,Open,"2026-05-05, 2026-05-06",22,2026-05-05 00:00:00.021,2026-05-05 22:54:25.191,2026-05-05 01:25:47.523,2026-05-06 01:34:16.365,Open,"2026-05-05, 2026-05-06",Open,Open,Allowed,Open,Allowed,None,2026-05-05,2026-05-04 21:29:50.017,legacy_price_timestamp,1bc026c51af9f280354d35359182cf2ed853e102f12aa83dd6a49d0a857f70d2,,,,,2.5027730555555556,True,Open,Allowed,None,2026-05-05,2026-05-04 21:29:50.017,legacy_price_timestamp,1bc026c51af9f280354d35359182cf2ed853e102f12aa83dd6a49d0a857f70d2,,,,,2.5027730555555556,True
2026-05-06,22,2026-05-06 01:00:00.002,2026-05-06 23:07:50.850,2026-05-06 01:34:16.365,2026-05-07 01:38:08.363,Open,"2026-05-06, 2026-05-07",22,2026-05-06 01:00:00.002,2026-05-06 23:07:50.850,2026-05-06 01:34:16.365,2026-05-07 01:38:08.363,Open,"2026-05-06, 2026-05-07",22,2026-05-06 01:00:00.002,2026-05-06 23:07:50.850,2026-05-06 01:34:16.365,2026-05-07 01:38:08.363,Open,"2026-05-06, 2026-05-07",Open,Open,Allowed,Open,Allowed,None,2026-05-06,2026-05-05 21:34:24.490,legacy_price_timestamp,67eefe43c8d2a987ed19c582882bcad44be1a5f172d97470682d78003a205986,,,,,2.4265305555555554,True,Open,Allowed,None,2026-05-06,2026-05-05 21:34:24.490,legacy_price_timestamp,67eefe43c8d2a987ed19c582882bcad44be1a5f172d97470682d78003a205986,,,,,2.4265305555555554,True
2026-05-07,19,2026-05-07 01:20:00.094,2026-05-07 23:10:39.408,2026-05-07 01:38:08.363,2026-05-08 01:37:54.466,Open,"2026-05-07, 2026-05-08",19,2026-05-07 01:20:00.094,2026-05-07 23:10:39.408,2026-05-07 01:38:08.363,2026-05-08 01:37:54.466,Open,"2026-05-07, 2026-05-08",19,2026-05-07 01:20:00.094,2026-05-07 23:10:39.408,2026-05-07 01:38:08.363,2026-05-08 01:37:54.466,Open,"2026-05-07, 2026-05-08",Open,Open,Allowed,Open,Allowed,None,2026-05-07,2026-05-06 21:42:15.566,legacy_price_timestamp,5214562539ee45e5be184b625b3536bc0ece43b4355731aa232978ac9e89cc90,,,,,2.295676111111111,True,Open,Allowed,None,2026-05-07,2026-05-06 21:42:15.566,legacy_price_timestamp,5214562539ee45e5be184b625b3536bc0ece43b4355731aa232978ac9e89cc90,,,,,2.295676111111111,True
2026-05-08,18,2026-05-08 01:20:00.028,2026-05-08 23:40:00.039,2026-05-08 01:37:54.466,2026-05-09 01:54:25.111,Open,"2026-05-08, 2026-05-09",18,2026-05-08 01:20:00.028,2026-05-08 23:40:00.039,2026-05-08 01:37:54.466,2026-05-09 01:54:25.111,Open,"2026-05-08, 2026-05-09",18,2026-05-08 01:20:00.028,2026-05-08 23:40:00.039,2026-05-08 01:37:54.466,2026-05-09 01:54:25.111,Open,"2026-05-08, 2026-05-09",Open,Open,Allowed,Open,Allowed,None,2026-05-08,2026-05-07 21:42:12.330,legacy_price_timestamp,f656199193ec2a8fb2e5266732b5d3a4b86e49e3a9708a09b7f86965d4615e6a,,,,,2.296575,True,Open,Allowed,None,2026-05-08,2026-05-07 21:42:12.330,legacy_price_timestamp,f656199193ec2a8fb2e5266732b5d3a4b86e49e3a9708a09b7f86965d4615e6a,,,,,2.296575,True
2026-05-09,16,2026-05-09 01:54:23.611,2026-05-09 22:00:00.008,2026-05-09 01:54:25.111,2026-05-10 01:54:07.252,Open,"2026-05-09, 2026-05-10",16,2026-05-09 01:54:23.611,2026-05-09 22:00:00.008,2026-05-09 01:54:25.111,2026-05-10 01:54:07.252,Open,"2026-05-09, 2026-05-10",16,2026-05-09 01:54:23.611,2026-05-09 22:00:00.008,2026-05-09 01:54:25.111,2026-05-10 01:54:07.252,Open,"2026-05-09, 2026-05-10",Open,Open,Allowed,Open,Allowed,None,2026-05-09,2026-05-08 21:58:51.244,legacy_price_timestamp,3b3410b3355fea40e316888201f484e1fd86b724160cb8baa106be25da91932f,,,,,2.0190988888888888,True,Open,Allowed,None,2026-05-09,2026-05-08 21:58:51.244,legacy_price_timestamp,3b3410b3355fea40e316888201f484e1fd86b724160cb8baa106be25da91932f,,,,,2.0190988888888888,True
2026-05-10,18,2026-05-10 00:00:00.032,2026-05-10 23:40:00.007,2026-05-10 01:54:07.252,2026-05-11 01:53:44.600,Open,"2026-05-10, 2026-05-11",18,2026-05-10 00:00:00.032,2026-05-10 23:40:00.007,2026-05-10 01:54:07.252,2026-05-11 01:53:44.600,Open,"2026-05-10, 2026-05-11",18,2026-05-10 00:00:00.032,2026-05-10 23:40:00.007,2026-05-10 01:54:07.252,2026-05-11 01:53:44.600,Open,"2026-05-10, 2026-05-11",Open,Open,Allowed,Open,Allowed,None,2026-05-10,2026-05-09 21:57:59.127,legacy_price_timestamp,64fbb3c8adcc3604ec0fbe194e9096208ab3c4ca92e4731e7c542075b260912f,,,,,2.0335758333333334,True,Open,Allowed,None,2026-05-10,2026-05-09 21:57:59.127,legacy_price_timestamp,64fbb3c8adcc3604ec0fbe194e9096208ab3c4ca92e4731e7c542075b260912f,,,,,2.0335758333333334,True
2026-05-11,17,2026-05-11 01:40:00.065,2026-05-11 22:40:00.064,2026-05-11 01:53:44.600,2026-05-12 02:01:01.916,Open,"2026-05-11, 2026-05-12",17,2026-05-11 01:40:00.065,2026-05-11 22:40:00.064,2026-05-11 01:53:44.600,2026-05-12 02:01:01.916,Open,"2026-05-11, 2026-05-12",17,2026-05-11 01:40:00.065,2026-05-11 22:40:00.064,2026-05-11 01:53:44.600,2026-05-12 02:01:01.916,Open,"2026-05-11, 2026-05-12",Open,Open,Allowed,Open,Allowed,None,2026-05-11,2026-05-10 21:58:09.407,legacy_price_timestamp,47834e678cfe8abd07f30fff1027dcb805b66114564a2b9ea7de2f40cbf2f322,,,,,2.0307202777777777,True,Open,Allowed,None,2026-05-11,2026-05-10 21:58:09.407,legacy_price_timestamp,47834e678cfe8abd07f30fff1027dcb805b66114564a2b9ea7de2f40cbf2f322,,,,,2.0307202777777777,True
2026-05-12,17,2026-05-12 01:00:00.019,2026-05-12 22:22:46.631,2026-05-12 02:01:01.916,2026-05-12 22:22:47.950,Open,2026-05-12,17,2026-05-12 01:00:00.019,2026-05-12 22:22:46.631,2026-05-12 02:01:01.916,2026-05-12 22:22:47.950,Open,2026-05-12,17,2026-05-12 01:00:00.019,2026-05-12 22:22:46.631,2026-05-12 02:01:01.916,2026-05-12 22:22:47.950,Open,2026-05-12,Open,Open,Allowed,Open,Allowed,None,2026-05-12,2026-05-11 22:00:17.710,legacy_price_timestamp,c887598c786ddcf822f2c654b50186c3fbf8cb8728694862ebb8056ded9c9976,,,,,1.9950805555555555,True,Open,Allowed,None,2026-05-12,2026-05-11 22:00:17.710,legacy_price_timestamp,c887598c786ddcf822f2c654b50186c3fbf8cb8728694862ebb8056ded9c9976,,,,,1.9950805555555555,True
2026-05-13,17,2026-05-13 00:00:00.016,2026-05-13 23:09:54.847,2026-05-13 02:05:57.545,2026-05-13 23:09:56.240,Open,2026-05-13,17,2026-05-13 00:00:00.016,2026-05-13 23:09:54.847,2026-05-13 02:05:57.545,2026-05-13 23:09:56.240,Open,2026-05-13,17,2026-05-13 00:00:00.016,2026-05-13 23:09:54.847,2026-05-13 02:05:57.545,2026-05-13 23:09:56.240,Open,2026-05-13,Open,Open,Allowed,Open,Allowed,None,2026-05-13,2026-05-12 22:22:46.631,legacy_price_timestamp,c2e710866afcabf10827f3fec470d5917f7e48e912fd293ed45377247489bd72,,,,,1.6203802777777776,True,Open,Allowed,None,2026-05-13,2026-05-12 22:22:46.631,legacy_price_timestamp,c2e710866afcabf10827f3fec470d5917f7e48e912fd293ed45377247489bd72,,,,,1.6203802777777776,True
2026-05-14,18,2026-05-14 00:00:00.062,2026-05-14 23:31:38.623,2026-05-14 03:10:17.520,2026-05-14 23:31:40.000,Open,2026-05-14,18,2026-05-14 00:00:00.062,2026-05-14 23:31:38.623,2026-05-14 03:10:17.520,2026-05-14 23:31:40.000,Open,2026-05-14,18,2026-05-14 00:00:00.062,2026-05-14 23:31:38.623,2026-05-14 03:10:17.520,2026-05-14 23:31:40.000,Open,2026-05-14,Open,Open,Allowed,Open,Allowed,None,2026-05-14,2026-05-13 23:09:54.847,legacy_price_timestamp,5f496bb95afb267cb5da764958b209170e3cd2384eb76715807ca826e1d6f0bc,,,,,0.8347647222222222,True,Open,Allowed,None,2026-05-14,2026-05-13 23:09:54.847,legacy_price_timestamp,5f496bb95afb267cb5da764958b209170e3cd2384eb76715807ca826e1d6f0bc,,,,,0.8347647222222222,True
2026-05-15,19,2026-05-15 00:40:00.009,2026-05-15 23:36:02.834,2026-05-15 03:30:14.318,2026-05-15 23:36:04.205,Open,2026-05-15,19,2026-05-15 00:40:00.009,2026-05-15 23:36:02.834,2026-05-15 03:30:14.318,2026-05-15 23:36:04.205,Open,2026-05-15,19,2026-05-15 00:40:00.009,2026-05-15 23:36:02.834,2026-05-15 03:30:14.318,2026-05-15 23:36:04.205,Open,2026-05-15,Open,Open,Allowed,Open,Allowed,None,2026-05-15,2026-05-14 23:31:38.623,legacy_price_timestamp,84fa2054d37cf1c7614aaa45b41282ec5fc36e2b7262b5d201e0aac052c05cd4,,,,,0.4726047222222222,True,Open,Allowed,None,2026-05-15,2026-05-14 23:31:38.623,legacy_price_timestamp,84fa2054d37cf1c7614aaa45b41282ec5fc36e2b7262b5d201e0aac052c05cd4,,,,,0.4726047222222222,True
2026-05-16,17,2026-05-16 01:00:00.021,2026-05-16 23:35:38.345,2026-05-16 03:36:43.279,2026-05-16 23:35:39.737,Open,2026-05-16,17,2026-05-16 01:00:00.021,2026-05-16 23:35:38.345,2026-05-16 03:36:43.279,2026-05-16 23:35:39.737,Open,2026-05-16,17,2026-05-16 01:00:00.021,2026-05-16 23:35:38.345,2026-05-16 03:36:43.279,2026-05-16 23:35:39.737,Open,2026-05-16,Open,Open,Allowed,Open,Allowed,None,2026-05-16,2026-05-15 23:36:02.834,legacy_price_timestamp,a3c36c3f5c85e4bf033e962dcc5c67fffd5bdc8ec7f11ef466629dc49d605eed,,,,,0.39921277777777775,True,Open,Allowed,None,2026-05-16,2026-05-15 23:36:02.834,legacy_price_timestamp,a3c36c3f5c85e4bf033e962dcc5c67fffd5bdc8ec7f11ef466629dc49d605eed,,,,,0.39921277777777775,True
2026-05-17,17,2026-05-17 01:40:00.057,2026-05-17 23:36:04.124,2026-05-17 03:36:51.702,2026-05-17 23:36:05.893,Open,2026-05-17,17,2026-05-17 01:40:00.057,2026-05-17 23:36:04.124,2026-05-17 03:36:51.702,2026-05-17 23:36:05.893,Open,2026-05-17,17,2026-05-17 01:40:00.057,2026-05-17 23:36:04.124,2026-05-17 03:36:51.702,2026-05-17 23:36:05.893,Open,2026-05-17,Open,Open,Allowed,Open,Allowed,None,2026-05-17,2026-05-16 23:35:38.345,legacy_price_timestamp,10128eea84e71f9f0e0682b53b283f50fef370cb7798a3dc687e3b7ee6a6adb1,,,,,0.4060152777777778,True,Open,Allowed,None,2026-05-17,2026-05-16 23:35:38.345,legacy_price_timestamp,10128eea84e71f9f0e0682b53b283f50fef370cb7798a3dc687e3b7ee6a6adb1,,,,,0.4060152777777778,True
2026-05-18,16,2026-05-18 01:20:00.037,2026-05-18 22:00:00.030,2026-05-18 03:37:05.121,2026-05-19 00:20:10.019,Open,"2026-05-18, 2026-05-19",16,2026-05-18 01:20:00.037,2026-05-18 22:00:00.030,2026-05-18 03:37:05.121,2026-05-19 00:20:10.019,Open,"2026-05-18, 2026-05-19",16,2026-05-18 01:20:00.037,2026-05-18 22:00:00.030,2026-05-18 03:37:05.121,2026-05-19 00:20:10.019,Open,"2026-05-18, 2026-05-19",Open,Open,Allowed,Open,Allowed,None,2026-05-18,2026-05-17 23:36:04.124,legacy_price_timestamp,1d7002712f42c9d0090b8ce1da760e241d596eaa3f408c86a0c4b3ad439c1d7f,,,,,0.39885444444444446,True,Open,Allowed,None,2026-05-18,2026-05-17 23:36:04.124,legacy_price_timestamp,1d7002712f42c9d0090b8ce1da760e241d596eaa3f408c86a0c4b3ad439c1d7f,,,,,0.39885444444444446,True
2026-05-19,18,2026-05-19 00:00:00.076,2026-05-19 23:20:00.012,2026-05-19 00:20:10.019,2026-05-20 00:18:26.199,Open,"2026-05-19, 2026-05-20",18,2026-05-19 00:00:00.076,2026-05-19 23:20:00.012,2026-05-19 00:20:10.019,2026-05-20 00:18:26.199,Open,"2026-05-19, 2026-05-20",18,2026-05-19 00:00:00.076,2026-05-19 23:20:00.012,2026-05-19 00:20:10.019,2026-05-20 00:18:26.199,Open,"2026-05-19, 2026-05-20",Open,Open,Allowed,Open,Allowed,None,2026-05-19,2026-05-18 20:21:13.326,legacy_price_timestamp,89f90c3217777be2a8681e517dc9a0ecefddd6d4d63b03aa4387f4c85c0256a6,,,,,3.6462983333333336,True,Open,Allowed,None,2026-05-19,2026-05-18 20:21:13.326,legacy_price_timestamp,89f90c3217777be2a8681e517dc9a0ecefddd6d4d63b03aa4387f4c85c0256a6,,,,,3.6462983333333336,True
2026-05-20,18,2026-05-20 00:18:24.760,2026-05-20 23:20:00.022,2026-05-20 00:18:26.199,2026-05-21 00:27:23.678,Open,"2026-05-20, 2026-05-21",18,2026-05-20 00:18:24.760,2026-05-20 23:20:00.022,2026-05-20 00:18:26.199,2026-05-21 00:27:23.678,Open,"2026-05-20, 2026-05-21",18,2026-05-20 00:18:24.760,2026-05-20 23:20:00.022,2026-05-20 00:18:26.199,2026-05-21 00:27:23.678,Open,"2026-05-20, 2026-05-21",Open,Open,Allowed,Open,Allowed,None,2026-05-20,2026-05-19 20:18:24.415,legacy_price_timestamp,a0e82157182a6bfb51c6f9bc4a3ec9d78c9d7652a53bdd13646a405d3dc0c8f0,,,,,3.693218055555555,True,Open,Allowed,None,2026-05-20,2026-05-19 20:18:24.415,legacy_price_timestamp,a0e82157182a6bfb51c6f9bc4a3ec9d78c9d7652a53bdd13646a405d3dc0c8f0,,,,,3.693218055555555,True
2026-05-21,16,2026-05-21 00:27:22.256,2026-05-21 22:00:00.008,2026-05-21 00:27:23.678,2026-05-22 00:43:07.514,Open,"2026-05-21, 2026-05-22",16,2026-05-21 00:27:22.256,2026-05-21 22:00:00.008,2026-05-21 00:27:23.678,2026-05-22 00:43:07.514,Open,"2026-05-21, 2026-05-22",16,2026-05-21 00:27:22.256,2026-05-21 22:00:00.008,2026-05-21 00:27:23.678,2026-05-22 00:43:07.514,Open,"2026-05-21, 2026-05-22",Open,Open,Allowed,Open,Allowed,None,2026-05-21,2026-05-20 20:26:00.942,legacy_price_timestamp,4615aaf765fdee31d875fb945370bf53984e1b5cf22ebed304af5fe13a099c1c,,,,,3.566405,True,Open,Allowed,None,2026-05-21,2026-05-20 20:26:00.942,legacy_price_timestamp,4615aaf765fdee31d875fb945370bf53984e1b5cf22ebed304af5fe13a099c1c,,,,,3.566405,True
2026-05-22,17,2026-05-22 00:00:00.060,2026-05-22 22:20:00.072,2026-05-22 00:43:07.514,2026-05-23 00:43:08.752,Open,"2026-05-22, 2026-05-23",17,2026-05-22 00:00:00.060,2026-05-22 22:20:00.072,2026-05-22 00:43:07.514,2026-05-23 00:43:08.752,Open,"2026-05-22, 2026-05-23",17,2026-05-22 00:00:00.060,2026-05-22 22:20:00.072,2026-05-22 00:43:07.514,2026-05-23 00:43:08.752,Open,"2026-05-22, 2026-05-23",Open,Open,Allowed,Open,Allowed,None,2026-05-22,2026-05-21 20:43:03.039,legacy_price_timestamp,8f5734219bcbdb6f16a8f37354ad187ee07ad1eff30fb74b3d41d55db4083f67,,,,,3.2824891666666667,True,Open,Allowed,None,2026-05-22,2026-05-21 20:43:03.039,legacy_price_timestamp,8f5734219bcbdb6f16a8f37354ad187ee07ad1eff30fb74b3d41d55db4083f67,,,,,3.2824891666666667,True
2026-05-23,18,2026-05-23 00:40:00.002,2026-05-23 23:40:00.063,2026-05-23 00:43:08.752,2026-05-24 01:01:11.216,Open,"2026-05-23, 2026-05-24",18,2026-05-23 00:40:00.002,2026-05-23 23:40:00.063,2026-05-23 00:43:08.752,2026-05-24 01:01:11.216,Open,"2026-05-23, 2026-05-24",18,2026-05-23 00:40:00.002,2026-05-23 23:40:00.063,2026-05-23 00:43:08.752,2026-05-24 01:01:11.216,Open,"2026-05-23, 2026-05-24",Open,Open,Allowed,Open,Allowed,None,2026-05-23,2026-05-22 20:43:04.493,legacy_price_timestamp,6a2cad6cfe811a01dc5b193c9ba3cfdddb1fa50805fc3102af9e012f2deecb93,,,,,3.2820852777777776,True,Open,Allowed,None,2026-05-23,2026-05-22 20:43:04.493,legacy_price_timestamp,6a2cad6cfe811a01dc5b193c9ba3cfdddb1fa50805fc3102af9e012f2deecb93,,,,,3.2820852777777776,True
2026-05-24,16,2026-05-24 01:01:09.672,2026-05-24 22:00:00.015,2026-05-24 01:01:11.216,2026-05-25 01:04:08.209,Open,"2026-05-24, 2026-05-25",16,2026-05-24 01:01:09.672,2026-05-24 22:00:00.015,2026-05-24 01:01:11.216,2026-05-25 01:04:08.209,Open,"2026-05-24, 2026-05-25",16,2026-05-24 01:01:09.672,2026-05-24 22:00:00.015,2026-05-24 01:01:11.216,2026-05-25 01:04:08.209,Open,"2026-05-24, 2026-05-25",Open,Open,Allowed,Open,Allowed,None,2026-05-24,2026-05-23 21:02:20.719,legacy_price_timestamp,0bd44bd6db4256523d4b7a86f377b4efa15cd6efecfe5fd7219cae1f3e9d2e07,,,,,2.960911388888889,True,Open,Allowed,None,2026-05-24,2026-05-23 21:02:20.719,legacy_price_timestamp,0bd44bd6db4256523d4b7a86f377b4efa15cd6efecfe5fd7219cae1f3e9d2e07,,,,,2.960911388888889,True
2026-05-25,17,2026-05-25 00:00:00.025,2026-05-25 22:00:00.006,2026-05-25 01:04:08.209,2026-05-26 01:02:46.788,Open,"2026-05-25, 2026-05-26",17,2026-05-25 00:00:00.025,2026-05-25 22:00:00.006,2026-05-25 01:04:08.209,2026-05-26 01:02:46.788,Open,"2026-05-25, 2026-05-26",17,2026-05-25 00:00:00.025,2026-05-25 22:00:00.006,2026-05-25 01:04:08.209,2026-05-26 01:02:46.788,Open,"2026-05-25, 2026-05-26",Open,Open,Allowed,Open,Allowed,None,2026-05-25,2026-05-24 21:04:04.337,legacy_price_timestamp,feaac087c1847be3f008f9792078497233d248f6085279951674213f19731733,,,,,2.932128611111111,True,Open,Allowed,None,2026-05-25,2026-05-24 21:04:04.337,legacy_price_timestamp,feaac087c1847be3f008f9792078497233d248f6085279951674213f19731733,,,,,2.932128611111111,True
2026-05-26,14,2026-05-26 00:00:00.040,2026-05-26 23:40:00.017,2026-05-26 01:02:46.788,2026-05-27 13:59:15.873,Open,"2026-05-26, 2026-05-27",14,2026-05-26 00:00:00.040,2026-05-26 23:40:00.017,2026-05-26 01:02:46.788,2026-05-27 13:59:15.873,Open,"2026-05-26, 2026-05-27",14,2026-05-26 00:00:00.040,2026-05-26 23:40:00.017,2026-05-26 01:02:46.788,2026-05-27 13:59:15.873,Open,"2026-05-26, 2026-05-27",Open,Open,Allowed,Open,Allowed,None,2026-05-26,2026-05-25 21:03:45.668,legacy_price_timestamp,00c85235251fd4e11b764d6fc25d2774b14d249d2e56e571f7319a63f908fc11,,,,,2.9373144444444446,True,Open,Allowed,None,2026-05-26,2026-05-25 21:03:45.668,legacy_price_timestamp,00c85235251fd4e11b764d6fc25d2774b14d249d2e56e571f7319a63f908fc11,,,,,2.9373144444444446,True
2026-05-27,13,2026-05-27 02:00:00.053,2026-05-27 22:37:49.628,2026-05-27 13:59:15.873,2026-05-27 22:37:51.386,Open,2026-05-27,13,2026-05-27 02:00:00.053,2026-05-27 22:37:49.628,2026-05-27 13:59:15.873,2026-05-27 22:37:51.386,Open,2026-05-27,13,2026-05-27 02:00:00.053,2026-05-27 22:37:49.628,2026-05-27 13:59:15.873,2026-05-27 22:37:51.386,Open,2026-05-27,Open,Open,Allowed,Open,Allowed,None,2026-05-27,2026-05-26 09:05:32.505,legacy_price_timestamp,03ad2b89610b4e0b6d5e964f02f57377d8233956537ea0b193eac4bcc41141dd,,,,,14.9076375,True,Open,Allowed,None,2026-05-27,2026-05-26 09:05:32.505,legacy_price_timestamp,03ad2b89610b4e0b6d5e964f02f57377d8233956537ea0b193eac4bcc41141dd,,,,,14.9076375,True
2026-05-28,17,2026-05-28 00:40:00.007,2026-05-28 23:42:04.616,2026-05-28 02:36:51.204,2026-05-28 23:42:06.379,Open,2026-05-28,17,2026-05-28 00:40:00.007,2026-05-28 23:42:04.616,2026-05-28 02:36:51.204,2026-05-28 23:42:06.379,Open,2026-05-28,17,2026-05-28 00:40:00.007,2026-05-28 23:42:04.616,2026-05-28 02:36:51.204,2026-05-28 23:42:06.379,Open,2026-05-28,Open,Open,Allowed,Open,Allowed,None,2026-05-28,2026-05-27 22:37:49.628,legacy_price_timestamp,4fb1e49cb5345beb745b299359e96a4372a75f2e8dccc180a7d7b652879d4b19,,,,,1.3695477777777778,True,Open,Allowed,None,2026-05-28,2026-05-27 22:37:49.628,legacy_price_timestamp,4fb1e49cb5345beb745b299359e96a4372a75f2e8dccc180a7d7b652879d4b19,,,,,1.3695477777777778,True
2026-05-29,16,2026-05-29 01:00:00.046,2026-05-29 22:40:00.027,2026-05-29 03:42:07.478,2026-05-30 03:24:33.305,Open,"2026-05-29, 2026-05-30",16,2026-05-29 01:00:00.046,2026-05-29 22:40:00.027,2026-05-29 03:42:07.478,2026-05-30 03:24:33.305,Open,"2026-05-29, 2026-05-30",16,2026-05-29 01:00:00.046,2026-05-29 22:40:00.027,2026-05-29 03:42:07.478,2026-05-30 03:24:33.305,Open,"2026-05-29, 2026-05-30",Open,Open,Allowed,Open,Allowed,None,2026-05-29,2026-05-28 23:42:04.616,legacy_price_timestamp,40d74891d498c28fc25ed1833fca1762e98cdbaa3a163048ce4451359f1c8df4,,,,,0.2987177777777778,True,Open,Allowed,None,2026-05-29,2026-05-28 23:42:04.616,legacy_price_timestamp,40d74891d498c28fc25ed1833fca1762e98cdbaa3a163048ce4451359f1c8df4,,,,,0.2987177777777778,True
2026-05-30,15,2026-05-30 00:40:00.041,2026-05-30 22:20:00.049,2026-05-30 03:24:33.305,2026-05-31 00:06:50.478,Open,"2026-05-30, 2026-05-31",15,2026-05-30 00:40:00.041,2026-05-30 22:20:00.049,2026-05-30 03:24:33.305,2026-05-31 00:06:50.478,Open,"2026-05-30, 2026-05-31",15,2026-05-30 00:40:00.041,2026-05-30 22:20:00.049,2026-05-30 03:24:33.305,2026-05-31 00:06:50.478,Open,"2026-05-30, 2026-05-31",Open,Open,Allowed,Open,Allowed,None,2026-05-30,2026-05-29 22:16:46.220,legacy_price_timestamp,9bffd5bfc28cfba6821cc8683d424010efba543488b5416d2bf52000d70d2668,,,,,1.7204944444444443,True,Open,Allowed,None,2026-05-30,2026-05-29 22:16:46.220,legacy_price_timestamp,9bffd5bfc28cfba6821cc8683d424010efba543488b5416d2bf52000d70d2668,,,,,1.7204944444444443,True
2026-05-31,16,2026-05-31 00:06:49.077,2026-05-31 23:00:00.059,2026-05-31 00:06:50.478,2026-06-01 02:10:39.614,Open,"2026-05-31, 2026-06-01",16,2026-05-31 00:06:49.077,2026-05-31 23:00:00.059,2026-05-31 00:06:50.478,2026-06-01 02:10:39.614,Open,"2026-05-31, 2026-06-01",16,2026-05-31 00:06:49.077,2026-05-31 23:00:00.059,2026-05-31 00:06:50.478,2026-06-01 02:10:39.614,Open,"2026-05-31, 2026-06-01",Open,Open,Allowed,Open,Allowed,None,2026-05-31,2026-05-30 18:50:47.983,legacy_price_timestamp,6d303d5001ae2f6e0c1d5b95fac4dd0924f2a761a191b7b7c4369440a9931338,,,,,5.1533380555555555,True,Open,Allowed,None,2026-05-31,2026-05-30 18:50:47.983,legacy_price_timestamp,6d303d5001ae2f6e0c1d5b95fac4dd0924f2a761a191b7b7c4369440a9931338,,,,,5.1533380555555555,True
2026-06-01,16,2026-06-01 01:20:00.016,2026-06-01 23:18:14.909,2026-06-01 02:10:39.614,2026-06-01 23:18:16.305,Open,2026-06-01,16,2026-06-01 01:20:00.016,2026-06-01 23:18:14.909,2026-06-01 02:10:39.614,2026-06-01 23:18:16.305,Open,2026-06-01,16,2026-06-01 01:20:00.016,2026-06-01 23:18:14.909,2026-06-01 02:10:39.614,2026-06-01 23:18:16.305,Open,2026-06-01,Open,Open,Allowed,Open,Allowed,None,2026-06-01,2026-05-31 20:51:17.013,legacy_price_timestamp,8bbc88fd6ad40f3e489e22b1c0340f41bab4b162e7ca1b82a46ad449a1faab6a,,,,,3.1452741666666664,True,Open,Allowed,None,2026-06-01,2026-05-31 20:51:17.013,legacy_price_timestamp,8bbc88fd6ad40f3e489e22b1c0340f41bab4b162e7ca1b82a46ad449a1faab6a,,,,,3.1452741666666664,True
2026-06-02,15,2026-06-02 01:00:00.049,2026-06-02 22:20:00.059,2026-06-02 04:41:50.946,2026-06-03 01:32:48.916,Open,"2026-06-02, 2026-06-03",15,2026-06-02 01:00:00.049,2026-06-02 22:20:00.059,2026-06-02 04:41:50.946,2026-06-03 01:32:48.916,Open,"2026-06-02, 2026-06-03",15,2026-06-02 01:00:00.049,2026-06-02 22:20:00.059,2026-06-02 04:41:50.946,2026-06-03 01:32:48.916,Open,"2026-06-02, 2026-06-03",Open,Open,Allowed,Open,Allowed,None,2026-06-02,2026-06-01 23:18:14.909,legacy_price_timestamp,8f7fbc545ad95bf6f33434d6f639072f808504c554d9e7b05e8880b24d91b7ce,,,,,0.6958586111111111,True,Open,Allowed,None,2026-06-02,2026-06-01 23:18:14.909,legacy_price_timestamp,8f7fbc545ad95bf6f33434d6f639072f808504c554d9e7b05e8880b24d91b7ce,,,,,0.6958586111111111,True
2026-06-03,15,2026-06-03 00:40:00.000,2026-06-03 22:43:07.227,2026-06-03 01:32:48.916,2026-06-03 22:43:25.124,Open,2026-06-03,15,2026-06-03 00:40:00.000,2026-06-03 22:43:07.227,2026-06-03 01:32:48.916,2026-06-03 22:43:25.124,Open,2026-06-03,15,2026-06-03 00:40:00.000,2026-06-03 22:43:07.227,2026-06-03 01:32:48.916,2026-06-03 22:43:25.124,Open,2026-06-03,Open,Open,Allowed,Open,Allowed,None,2026-06-03,2026-06-02 20:29:03.804,legacy_price_timestamp,be6b1cf2caa5ccd4ac6e77eb9113f42a0d3314bbd99e25ecd9bc1bcad723363c,,,,,3.51561,True,Open,Allowed,None,2026-06-03,2026-06-02 20:29:03.804,legacy_price_timestamp,be6b1cf2caa5ccd4ac6e77eb9113f42a0d3314bbd99e25ecd9bc1bcad723363c,,,,,3.51561,True
2026-06-04,16,2026-06-04 00:40:00.093,2026-06-04 23:09:45.269,2026-06-04 03:52:04.242,2026-06-04 23:09:46.721,Open,2026-06-04,16,2026-06-04 00:40:00.093,2026-06-04 23:09:45.269,2026-06-04 03:52:04.242,2026-06-04 23:09:46.721,Open,2026-06-04,16,2026-06-04 00:40:00.093,2026-06-04 23:09:45.269,2026-06-04 03:52:04.242,2026-06-04 23:09:46.721,Open,2026-06-04,Open,Open,Allowed,Open,Allowed,None,2026-06-04,2026-06-03 22:43:07.227,legacy_price_timestamp,f0a04e446252b6a1f7664210157d2c11058adeb0a1162545e70175d7a78b1fbf,,,,,1.2813258333333333,True,Open,Allowed,None,2026-06-04,2026-06-03 22:43:07.227,legacy_price_timestamp,f0a04e446252b6a1f7664210157d2c11058adeb0a1162545e70175d7a78b1fbf,,,,,1.2813258333333333,True
2026-06-05,16,2026-06-05 00:40:00.017,2026-06-05 22:00:00.051,2026-06-05 04:05:38.180,2026-06-06 01:13:12.489,Open,"2026-06-05, 2026-06-06",16,2026-06-05 00:40:00.017,2026-06-05 22:00:00.051,2026-06-05 04:05:38.180,2026-06-06 01:13:12.489,Open,"2026-06-05, 2026-06-06",16,2026-06-05 00:40:00.017,2026-06-05 22:00:00.051,2026-06-05 04:05:38.180,2026-06-06 01:13:12.489,Open,"2026-06-05, 2026-06-06",Open,Open,Allowed,Open,Allowed,None,2026-06-05,2026-06-04 23:09:45.269,legacy_price_timestamp,05266d99d125329e89e7c75c367f32456bedf6284814b96a0aeb3c3173aa8397,,,,,0.8374252777777779,True,Open,Allowed,None,2026-06-05,2026-06-04 23:09:45.269,legacy_price_timestamp,05266d99d125329e89e7c75c367f32456bedf6284814b96a0aeb3c3173aa8397,,,,,0.8374252777777779,True
2026-06-06,17,2026-06-06 00:20:00.058,2026-06-06 22:00:00.025,2026-06-06 01:13:12.489,2026-06-07 01:03:38.247,Open,"2026-06-06, 2026-06-07",17,2026-06-06 00:20:00.058,2026-06-06 22:00:00.025,2026-06-06 01:13:12.489,2026-06-07 01:03:38.247,Open,"2026-06-06, 2026-06-07",17,2026-06-06 00:20:00.058,2026-06-06 22:00:00.025,2026-06-06 01:13:12.489,2026-06-07 01:03:38.247,Open,"2026-06-06, 2026-06-07",Open,Open,Allowed,Open,Allowed,None,2026-06-06,2026-06-05 21:11:28.331,legacy_price_timestamp,2edc1b0e7fee4049bb13853f8409fc020aa38386ad59a2bd985386d1cb08ced5,,,,,2.8087969444444445,True,Open,Allowed,None,2026-06-06,2026-06-05 21:11:28.331,legacy_price_timestamp,2edc1b0e7fee4049bb13853f8409fc020aa38386ad59a2bd985386d1cb08ced5,,,,,2.8087969444444445,True
2026-06-07,17,2026-06-07 00:00:00.085,2026-06-07 22:00:00.052,2026-06-07 01:03:38.247,2026-06-08 01:03:09.211,Open,"2026-06-07, 2026-06-08",17,2026-06-07 00:00:00.085,2026-06-07 22:00:00.052,2026-06-07 01:03:38.247,2026-06-08 01:03:09.211,Open,"2026-06-07, 2026-06-08",17,2026-06-07 00:00:00.085,2026-06-07 22:00:00.052,2026-06-07 01:03:38.247,2026-06-08 01:03:09.211,Open,"2026-06-07, 2026-06-08",Open,Open,Allowed,Open,Allowed,None,2026-06-07,2026-06-06 21:01:20.146,legacy_price_timestamp,0dadc51c1a3db3025e4432ea5dc98d15b4e571589ace290699ad12fd8213bd71,,,,,2.9777372222222223,True,Open,Allowed,None,2026-06-07,2026-06-06 21:01:20.146,legacy_price_timestamp,0dadc51c1a3db3025e4432ea5dc98d15b4e571589ace290699ad12fd8213bd71,,,,,2.9777372222222223,True
2026-06-08,17,2026-06-08 00:20:00.009,2026-06-08 23:00:00.022,2026-06-08 01:03:09.211,2026-06-09 01:39:09.999,Open,"2026-06-08, 2026-06-09",17,2026-06-08 00:20:00.009,2026-06-08 23:00:00.022,2026-06-08 01:03:09.211,2026-06-09 01:39:09.999,Open,"2026-06-08, 2026-06-09",17,2026-06-08 00:20:00.009,2026-06-08 23:00:00.022,2026-06-08 01:03:09.211,2026-06-09 01:39:09.999,Open,"2026-06-08, 2026-06-09",Open,Open,Allowed,Open,Allowed,None,2026-06-08,2026-06-07 21:01:20.374,legacy_price_timestamp,fb587cbb2f3abbf4137441a6fe6aa68b0aa15a0934faf693702449386c09ec70,,,,,2.977673888888889,True,Open,Allowed,None,2026-06-08,2026-06-07 21:01:20.374,legacy_price_timestamp,fb587cbb2f3abbf4137441a6fe6aa68b0aa15a0934faf693702449386c09ec70,,,,,2.977673888888889,True
2026-06-09,17,2026-06-09 01:20:00.012,2026-06-09 23:40:00.060,2026-06-09 01:39:09.999,2026-06-10 01:47:21.569,Open,"2026-06-09, 2026-06-10",17,2026-06-09 01:20:00.012,2026-06-09 23:40:00.060,2026-06-09 01:39:09.999,2026-06-10 01:47:21.569,Open,"2026-06-09, 2026-06-10",17,2026-06-09 01:20:00.012,2026-06-09 23:40:00.060,2026-06-09 01:39:09.999,2026-06-10 01:47:21.569,Open,"2026-06-09, 2026-06-10",Open,Open,Allowed,Open,Allowed,None,2026-06-09,2026-06-08 22:03:13.242,legacy_price_timestamp,d0c6d32ffa68f2082037695d54b68e147699c11e5b8bf7b353e9fb1e956f9318,,,,,1.9463216666666665,True,Open,Allowed,None,2026-06-09,2026-06-08 22:03:13.242,legacy_price_timestamp,d0c6d32ffa68f2082037695d54b68e147699c11e5b8bf7b353e9fb1e956f9318,,,,,1.9463216666666665,True
2026-06-10,16,2026-06-10 01:47:19.858,2026-06-10 22:20:00.015,2026-06-10 01:47:21.569,2026-06-11 02:14:32.724,Open,"2026-06-10, 2026-06-11",16,2026-06-10 01:47:19.858,2026-06-10 22:20:00.015,2026-06-10 01:47:21.569,2026-06-11 02:14:32.724,Open,"2026-06-10, 2026-06-11",16,2026-06-10 01:47:19.858,2026-06-10 22:20:00.015,2026-06-10 01:47:21.569,2026-06-11 02:14:32.724,Open,"2026-06-10, 2026-06-11",Open,Open,Allowed,Open,Allowed,None,2026-06-10,2026-06-09 21:48:06.921,legacy_price_timestamp,e0eb6a7d443f3e566493657bc2d6e869e62e44810018f06546c033382fa6ed89,,,,,2.1980775,True,Open,Allowed,None,2026-06-10,2026-06-09 21:48:06.921,legacy_price_timestamp,e0eb6a7d443f3e566493657bc2d6e869e62e44810018f06546c033382fa6ed89,,,,,2.1980775,True
2026-06-11,15,2026-06-11 00:20:00.021,2026-06-11 22:40:00.052,2026-06-11 02:14:32.724,2026-06-12 02:09:00.741,Open,"2026-06-11, 2026-06-12",15,2026-06-11 00:20:00.021,2026-06-11 22:40:00.052,2026-06-11 02:14:32.724,2026-06-12 02:09:00.741,Open,"2026-06-11, 2026-06-12",15,2026-06-11 00:20:00.021,2026-06-11 22:40:00.052,2026-06-11 02:14:32.724,2026-06-12 02:09:00.741,Open,"2026-06-11, 2026-06-12",Open,Open,Allowed,Open,Allowed,None,2026-06-11,2026-06-10 22:14:32.833,legacy_price_timestamp,9f007b91d37f49589afc4af6ce58c248079e0f36e82204c857483cd55e443733,,,,,1.757546388888889,True,Open,Allowed,None,2026-06-11,2026-06-10 22:14:32.833,legacy_price_timestamp,9f007b91d37f49589afc4af6ce58c248079e0f36e82204c857483cd55e443733,,,,,1.757546388888889,True
2026-06-12,13,2026-06-12 01:00:00.025,2026-06-12 22:40:00.014,2026-06-12 02:09:00.741,2026-06-13 01:59:26.403,Open,"2026-06-12, 2026-06-13",13,2026-06-12 01:00:00.025,2026-06-12 22:40:00.014,2026-06-12 02:09:00.741,2026-06-13 01:59:26.403,Open,"2026-06-12, 2026-06-13",13,2026-06-12 01:00:00.025,2026-06-12 22:40:00.014,2026-06-12 02:09:00.741,2026-06-13 01:59:26.403,Open,"2026-06-12, 2026-06-13",Open,Open,Allowed,Open,Allowed,None,2026-06-12,2026-06-11 14:41:11.048,legacy_price_timestamp,49a52b59b81cf554da9f9ac0268c70b60f38f512f4e258565bf1662792b24a66,,,,,9.313597777777778,True,Open,Allowed,None,2026-06-12,2026-06-11 14:41:11.048,legacy_price_timestamp,49a52b59b81cf554da9f9ac0268c70b60f38f512f4e258565bf1662792b24a66,,,,,9.313597777777778,True
2026-06-13,15,2026-06-13 01:00:00.044,2026-06-13 23:20:00.019,2026-06-13 01:59:26.403,2026-06-14 01:35:05.490,Open,"2026-06-13, 2026-06-14",15,2026-06-13 01:00:00.044,2026-06-13 23:20:00.019,2026-06-13 01:59:26.403,2026-06-14 01:35:05.490,Open,"2026-06-13, 2026-06-14",15,2026-06-13 01:00:00.044,2026-06-13 23:20:00.019,2026-06-13 01:59:26.403,2026-06-14 01:35:05.490,Open,"2026-06-13, 2026-06-14",Open,Open,Allowed,Open,Allowed,None,2026-06-13,2026-06-12 22:13:10.715,legacy_price_timestamp,b7018d2b6516392fa40939aa4e8145d0205ae818635f6f28a2eae7bd2d69fe9a,,,,,1.7803569444444445,True,Open,Allowed,None,2026-06-13,2026-06-12 22:13:10.715,legacy_price_timestamp,b7018d2b6516392fa40939aa4e8145d0205ae818635f6f28a2eae7bd2d69fe9a,,,,,1.7803569444444445,True
2026-06-14,15,2026-06-14 01:20:00.054,2026-06-14 23:20:00.050,2026-06-14 01:35:05.490,2026-06-15 05:07:34.864,Open,"2026-06-14, 2026-06-15",15,2026-06-14 01:20:00.054,2026-06-14 23:20:00.050,2026-06-14 01:35:05.490,2026-06-15 05:07:34.864,Open,"2026-06-14, 2026-06-15",15,2026-06-14 01:20:00.054,2026-06-14 23:20:00.050,2026-06-14 01:35:05.490,2026-06-15 05:07:34.864,Open,"2026-06-14, 2026-06-15",Open,Open,Allowed,Open,Allowed,None,2026-06-14,2026-06-13 17:41:08.936,legacy_price_timestamp,d58135a983203bf5df5c8bc1f905632dc707aeb004fde327363bea2f5de5bb13,,,,,6.314184444444444,True,Open,Allowed,None,2026-06-14,2026-06-13 17:41:08.936,legacy_price_timestamp,d58135a983203bf5df5c8bc1f905632dc707aeb004fde327363bea2f5de5bb13,,,,,6.314184444444444,True
2026-06-15,16,2026-06-15 01:20:00.060,2026-06-15 23:20:00.045,2026-06-15 05:07:34.864,2026-06-16 01:20:59.100,Open,"2026-06-15, 2026-06-16",16,2026-06-15 01:20:00.060,2026-06-15 23:20:00.045,2026-06-15 05:07:34.864,2026-06-16 01:20:59.100,Open,"2026-06-15, 2026-06-16",16,2026-06-15 01:20:00.060,2026-06-15 23:20:00.045,2026-06-15 05:07:34.864,2026-06-16 01:20:59.100,Open,"2026-06-15, 2026-06-16",Open,Open,Allowed,Open,Allowed,None,2026-06-15,2026-06-14 17:10:07.358,legacy_price_timestamp,7997fb1ee7daf6e0f17323b83a5a20ed9597825b426b67572ec41fca07851a52,,,,,6.831289444444445,True,Open,Allowed,None,2026-06-15,2026-06-14 17:10:07.358,legacy_price_timestamp,7997fb1ee7daf6e0f17323b83a5a20ed9597825b426b67572ec41fca07851a52,,,,,6.831289444444445,True
2026-06-16,17,2026-06-16 01:20:00.090,2026-06-16 21:40:00.060,2026-06-16 01:20:59.100,2026-06-17 01:21:07.493,Open,"2026-06-16, 2026-06-17",17,2026-06-16 01:20:00.090,2026-06-16 21:40:00.060,2026-06-16 01:20:59.100,2026-06-17 01:21:07.493,Open,"2026-06-16, 2026-06-17",17,2026-06-16 01:20:00.090,2026-06-16 21:40:00.060,2026-06-16 01:20:59.100,2026-06-17 01:21:07.493,Open,"2026-06-16, 2026-06-17",Open,Open,Allowed,Open,Allowed,None,2026-06-16,2026-06-15 21:16:07.831,legacy_price_timestamp,95c2a79c961c2d21b0e744041db47cca2aee69b9b30fc3438edbcf769edd639d,,,,,2.7311580555555555,True,Open,Allowed,None,2026-06-16,2026-06-15 21:16:07.831,legacy_price_timestamp,95c2a79c961c2d21b0e744041db47cca2aee69b9b30fc3438edbcf769edd639d,,,,,2.7311580555555555,True
2026-06-17,17,2026-06-17 00:00:00.032,2026-06-17 23:20:00.030,2026-06-17 01:21:07.493,2026-06-18 01:28:10.187,Open,"2026-06-17, 2026-06-18",17,2026-06-17 00:00:00.032,2026-06-17 23:20:00.030,2026-06-17 01:21:07.493,2026-06-18 01:28:10.187,Open,"2026-06-17, 2026-06-18",17,2026-06-17 00:00:00.032,2026-06-17 23:20:00.030,2026-06-17 01:21:07.493,2026-06-18 01:28:10.187,Open,"2026-06-17, 2026-06-18",Open,Open,Allowed,Open,Allowed,None,2026-06-17,2026-06-16 21:17:05.475,legacy_price_timestamp,eb55d07b74cfa3847bf16a9279e22dcdaba345146a29550e8786b4943d669069,,,,,2.715145833333333,True,Open,Allowed,None,2026-06-17,2026-06-16 21:17:05.475,legacy_price_timestamp,eb55d07b74cfa3847bf16a9279e22dcdaba345146a29550e8786b4943d669069,,,,,2.715145833333333,True
2026-06-18,16,2026-06-18 01:28:08.841,2026-06-18 23:20:00.044,2026-06-18 01:28:10.187,2026-06-19 05:33:07.711,Open,"2026-06-18, 2026-06-19",16,2026-06-18 01:28:08.841,2026-06-18 23:20:00.044,2026-06-18 01:28:10.187,2026-06-19 05:33:07.711,Open,"2026-06-18, 2026-06-19",16,2026-06-18 01:28:08.841,2026-06-18 23:20:00.044,2026-06-18 01:28:10.187,2026-06-19 05:33:07.711,Open,"2026-06-18, 2026-06-19",Open,Open,Allowed,Open,Allowed,None,2026-06-18,2026-06-17 21:24:07.188,legacy_price_timestamp,a022c2f9c3b323371ab477b9ecbe82175d729467b7484a1f05ad53d7e7783de1,,,,,2.598003333333333,True,Open,Allowed,None,2026-06-18,2026-06-17 21:24:07.188,legacy_price_timestamp,a022c2f9c3b323371ab477b9ecbe82175d729467b7484a1f05ad53d7e7783de1,,,,,2.598003333333333,True
2026-06-19,13,2026-06-19 01:40:00.072,2026-06-19 22:00:00.007,2026-06-19 05:33:07.711,2026-06-20 01:55:25.598,Open,"2026-06-19, 2026-06-20",13,2026-06-19 01:40:00.072,2026-06-19 22:00:00.007,2026-06-19 05:33:07.711,2026-06-20 01:55:25.598,Open,"2026-06-19, 2026-06-20",13,2026-06-19 01:40:00.072,2026-06-19 22:00:00.007,2026-06-19 05:33:07.711,2026-06-20 01:55:25.598,Open,"2026-06-19, 2026-06-20",Open,Open,Allowed,Open,Allowed,None,2026-06-19,2026-06-18 21:33:07.285,legacy_price_timestamp,aa77d4940bc1147e8c871b88f92dad6e060efe0db290439369e61c4b4958b207,,,,,2.447976388888889,True,Open,Allowed,None,2026-06-19,2026-06-18 21:33:07.285,legacy_price_timestamp,aa77d4940bc1147e8c871b88f92dad6e060efe0db290439369e61c4b4958b207,,,,,2.447976388888889,True
2026-06-20,15,2026-06-20 00:00:00.067,2026-06-20 22:20:00.013,2026-06-20 01:55:25.598,2026-06-21 05:50:53.430,Open,"2026-06-20, 2026-06-21",15,2026-06-20 00:00:00.067,2026-06-20 22:20:00.013,2026-06-20 01:55:25.598,2026-06-21 05:50:53.430,Open,"2026-06-20, 2026-06-21",15,2026-06-20 00:00:00.067,2026-06-20 22:20:00.013,2026-06-20 01:55:25.598,2026-06-21 05:50:53.430,Open,"2026-06-20, 2026-06-21",Open,Open,Allowed,Open,Allowed,None,2026-06-20,2026-06-19 17:38:08.780,legacy_price_timestamp,c387d6b98806061f86a75eba8d8f416e81fcac0229ad366965b6c2871ca007b8,,,,,6.364227777777778,True,Open,Allowed,None,2026-06-20,2026-06-19 17:38:08.780,legacy_price_timestamp,c387d6b98806061f86a75eba8d8f416e81fcac0229ad366965b6c2871ca007b8,,,,,6.364227777777778,True
2026-06-21,16,2026-06-21 00:20:00.019,2026-06-21 22:20:00.034,2026-06-21 05:50:53.430,2026-06-22 01:57:52.433,Open,"2026-06-21, 2026-06-22",16,2026-06-21 00:20:00.019,2026-06-21 22:20:00.034,2026-06-21 05:50:53.430,2026-06-22 01:57:52.433,Open,"2026-06-21, 2026-06-22",16,2026-06-21 00:20:00.019,2026-06-21 22:20:00.034,2026-06-21 05:50:53.430,2026-06-22 01:57:52.433,Open,"2026-06-21, 2026-06-22",Open,Open,Allowed,Open,Allowed,None,2026-06-21,2026-06-20 21:51:05.325,legacy_price_timestamp,c03438101736812ba8ca00b51c36751831592a062cecbe0f7c3e2719eb23e3f1,,,,,2.1485208333333334,True,Open,Allowed,None,2026-06-21,2026-06-20 21:51:05.325,legacy_price_timestamp,c03438101736812ba8ca00b51c36751831592a062cecbe0f7c3e2719eb23e3f1,,,,,2.1485208333333334,True
2026-06-22,18,2026-06-22 00:40:00.022,2026-06-22 23:40:00.053,2026-06-22 01:57:52.433,2026-06-23 05:56:08.997,Open,"2026-06-22, 2026-06-23",18,2026-06-22 00:40:00.022,2026-06-22 23:40:00.053,2026-06-22 01:57:52.433,2026-06-23 05:56:08.997,Open,"2026-06-22, 2026-06-23",18,2026-06-22 00:40:00.022,2026-06-22 23:40:00.053,2026-06-22 01:57:52.433,2026-06-23 05:56:08.997,Open,"2026-06-22, 2026-06-23",Open,Open,Allowed,Open,Allowed,None,2026-06-22,2026-06-21 21:50:43.736,legacy_price_timestamp,c3114aaa5fe39a8b25cf03314e017636ed5639ee779a6b9a064f4710a1e757dd,,,,,2.154517777777778,True,Open,Allowed,None,2026-06-22,2026-06-21 21:50:43.736,legacy_price_timestamp,c3114aaa5fe39a8b25cf03314e017636ed5639ee779a6b9a064f4710a1e757dd,,,,,2.154517777777778,True
2026-06-23,14,2026-06-23 02:00:00.059,2026-06-23 22:03:45.048,2026-06-23 05:56:08.997,2026-06-23 22:03:46.982,Open,2026-06-23,14,2026-06-23 02:00:00.059,2026-06-23 22:03:45.048,2026-06-23 05:56:08.997,2026-06-23 22:03:46.982,Open,2026-06-23,14,2026-06-23 02:00:00.059,2026-06-23 22:03:45.048,2026-06-23 05:56:08.997,2026-06-23 22:03:46.982,Open,2026-06-23,Open,Open,Allowed,Open,Allowed,None,2026-06-23,2026-06-22 21:54:09.409,legacy_price_timestamp,97834426a86955d9027cd7ad9944fbe02d97b0e7990e16ae3df83a5b3965b45a,,,,,2.097386388888889,True,Open,Allowed,None,2026-06-23,2026-06-22 21:54:09.409,legacy_price_timestamp,97834426a86955d9027cd7ad9944fbe02d97b0e7990e16ae3df83a5b3965b45a,,,,,2.097386388888889,True
2026-06-24,17,2026-06-24 00:00:00.059,2026-06-24 22:04:07.050,2026-06-24 02:18:59.578,2026-06-24 22:04:08.385,Open,2026-06-24,17,2026-06-24 00:00:00.059,2026-06-24 22:04:07.050,2026-06-24 02:18:59.578,2026-06-24 22:04:08.385,Open,2026-06-24,17,2026-06-24 00:00:00.059,2026-06-24 22:04:07.050,2026-06-24 02:18:59.578,2026-06-24 22:04:08.385,Open,2026-06-24,Open,Open,Allowed,Open,Allowed,None,2026-06-24,2026-06-23 22:03:45.048,legacy_price_timestamp,d4446b05541257d85132d1f04c05ecc259bf8eec12c36ee7c0490ec8069a67e7,,,,,1.9374866666666668,True,Open,Allowed,None,2026-06-24,2026-06-23 22:03:45.048,legacy_price_timestamp,d4446b05541257d85132d1f04c05ecc259bf8eec12c36ee7c0490ec8069a67e7,,,,,1.9374866666666668,True
2026-06-25,14,2026-06-25 00:20:00.017,2026-06-25 22:28:07.579,2026-06-25 06:03:45.769,2026-06-25 22:28:08.932,Open,2026-06-25,14,2026-06-25 00:20:00.017,2026-06-25 22:28:07.579,2026-06-25 06:03:45.769,2026-06-25 22:28:08.932,Open,2026-06-25,14,2026-06-25 00:20:00.017,2026-06-25 22:28:07.579,2026-06-25 06:03:45.769,2026-06-25 22:28:08.932,Open,2026-06-25,Open,Open,Allowed,Open,Allowed,None,2026-06-25,2026-06-24 22:04:07.050,legacy_price_timestamp,7910ae332bf6fd3e622f12f1e0478a49597515f585a58bcc49032969935212bc,,,,,1.9313749999999998,True,Open,Allowed,None,2026-06-25,2026-06-24 22:04:07.050,legacy_price_timestamp,7910ae332bf6fd3e622f12f1e0478a49597515f585a58bcc49032969935212bc,,,,,1.9313749999999998,True
2026-06-26,15,2026-06-26 00:20:00.046,2026-06-26 23:06:07.252,2026-06-26 02:31:10.711,2026-06-26 23:06:08.411,Open,2026-06-26,15,2026-06-26 00:20:00.046,2026-06-26 23:06:07.252,2026-06-26 02:31:10.711,2026-06-26 23:06:08.411,Open,2026-06-26,15,2026-06-26 00:20:00.046,2026-06-26 23:06:07.252,2026-06-26 02:31:10.711,2026-06-26 23:06:08.411,Open,2026-06-26,Open,Open,Allowed,Open,Allowed,None,2026-06-26,2026-06-25 22:28:07.579,legacy_price_timestamp,91a9baf9611616c70f659b2087dd737c44b2bb50f6e90b2c5e39c2d190793376,,,,,1.5312280555555555,True,Open,Allowed,None,2026-06-26,2026-06-25 22:28:07.579,legacy_price_timestamp,91a9baf9611616c70f659b2087dd737c44b2bb50f6e90b2c5e39c2d190793376,,,,,1.5312280555555555,True
2026-06-27,15,2026-06-27 00:20:00.045,2026-06-27 23:06:09.869,2026-06-27 03:10:24.007,2026-06-27 23:06:27.605,Open,2026-06-27,15,2026-06-27 00:20:00.045,2026-06-27 23:06:09.869,2026-06-27 03:10:24.007,2026-06-27 23:06:27.605,Open,2026-06-27,15,2026-06-27 00:20:00.045,2026-06-27 23:06:09.869,2026-06-27 03:10:24.007,2026-06-27 23:06:27.605,Open,2026-06-27,Open,Open,Allowed,Open,Allowed,None,2026-06-27,2026-06-26 23:06:07.252,legacy_price_timestamp,17f81eab35c3001d05a299ad11ef3bf9bbbe7c5809bc9b68500c7527fc76780f,,,,,0.8979855555555556,True,Open,Allowed,None,2026-06-27,2026-06-26 23:06:07.252,legacy_price_timestamp,17f81eab35c3001d05a299ad11ef3bf9bbbe7c5809bc9b68500c7527fc76780f,,,,,0.8979855555555556,True
2026-06-28,17,2026-06-28 00:40:00.023,2026-06-28 22:43:36.577,2026-06-28 03:10:01.700,2026-06-28 22:43:37.876,Open,2026-06-28,17,2026-06-28 00:40:00.023,2026-06-28 22:43:36.577,2026-06-28 03:10:01.700,2026-06-28 22:43:37.876,Open,2026-06-28,17,2026-06-28 00:40:00.023,2026-06-28 22:43:36.577,2026-06-28 03:10:01.700,2026-06-28 22:43:37.876,Open,2026-06-28,Open,Open,Allowed,Open,Allowed,None,2026-06-28,2026-06-27 23:06:09.869,legacy_price_timestamp,5cc32b361e5792cfb7a47ff0d7826750e24417b00bbef8ef014487b3fb96f26a,,,,,0.897258611111111,True,Open,Allowed,None,2026-06-28,2026-06-27 23:06:09.869,legacy_price_timestamp,5cc32b361e5792cfb7a47ff0d7826750e24417b00bbef8ef014487b3fb96f26a,,,,,0.897258611111111,True
2026-06-29,17,2026-06-29 00:20:00.003,2026-06-29 22:45:23.927,2026-06-29 02:47:51.591,2026-06-29 22:45:25.582,Open,2026-06-29,17,2026-06-29 00:20:00.003,2026-06-29 22:45:23.927,2026-06-29 02:47:51.591,2026-06-29 22:45:25.582,Open,2026-06-29,17,2026-06-29 00:20:00.003,2026-06-29 22:45:23.927,2026-06-29 02:47:51.591,2026-06-29 22:45:25.582,Open,2026-06-29,Open,Open,Allowed,Open,Allowed,None,2026-06-29,2026-06-28 22:43:36.577,legacy_price_timestamp,322beec2431fa842d54494d4b45ba4be1edfdf8626bc3428a3d390a69c7bf29f,,,,,1.2731730555555556,True,Open,Allowed,None,2026-06-29,2026-06-28 22:43:36.577,legacy_price_timestamp,322beec2431fa842d54494d4b45ba4be1edfdf8626bc3428a3d390a69c7bf29f,,,,,1.2731730555555556,True
2026-06-30,17,2026-06-30 01:00:00.022,2026-06-30 22:26:37.357,2026-06-30 02:50:00.481,2026-06-30 22:26:38.702,Open,2026-06-30,17,2026-06-30 01:00:00.022,2026-06-30 22:26:37.357,2026-06-30 02:50:00.481,2026-06-30 22:26:38.702,Open,2026-06-30,17,2026-06-30 01:00:00.022,2026-06-30 22:26:37.357,2026-06-30 02:50:00.481,2026-06-30 22:26:38.702,Open,2026-06-30,Open,Open,Allowed,Open,Allowed,None,2026-06-30,2026-06-29 22:45:23.927,legacy_price_timestamp,014aebf00a63aa5a72bb0760ce2d8c9ae8c378943012f788b6341a41b6053f29,,,,,1.2433536111111112,True,Open,Allowed,None,2026-06-30,2026-06-29 22:45:23.927,legacy_price_timestamp,014aebf00a63aa5a72bb0760ce2d8c9ae8c378943012f788b6341a41b6053f29,,,,,1.2433536111111112,True
2026-07-01,13,2026-07-01 00:40:00.015,2026-07-01 22:20:00.053,2026-07-01 14:42:06.919,2026-07-02 06:22:26.221,Open,"2026-07-01, 2026-07-02",13,2026-07-01 00:40:00.015,2026-07-01 22:20:00.053,2026-07-01 14:42:06.919,2026-07-02 06:22:26.221,Open,"2026-07-01, 2026-07-02",13,2026-07-01 00:40:00.015,2026-07-01 22:20:00.053,2026-07-01 14:42:06.919,2026-07-02 06:22:26.221,Open,"2026-07-01, 2026-07-02",Open,Open,Allowed,Open,Allowed,None,2026-07-01,2026-06-30 22:26:37.357,legacy_price_timestamp,839c38620eaba09617e5030abe7d395e23b92ac4798c16758f26ba5a6a73f2a2,,,,,1.5562897222222223,True,Open,Allowed,None,2026-07-01,2026-06-30 22:26:37.357,legacy_price_timestamp,839c38620eaba09617e5030abe7d395e23b92ac4798c16758f26ba5a6a73f2a2,,,,,1.5562897222222223,True
2026-07-02,15,2026-07-02 00:40:00.064,2026-07-02 22:40:00.018,2026-07-02 06:22:26.221,2026-07-03 02:43:02.339,Open,"2026-07-02, 2026-07-03",15,2026-07-02 00:40:00.064,2026-07-02 22:40:00.018,2026-07-02 06:22:26.221,2026-07-03 02:43:02.339,Open,"2026-07-02, 2026-07-03",15,2026-07-02 00:40:00.064,2026-07-02 22:40:00.018,2026-07-02 06:22:26.221,2026-07-03 02:43:02.339,Open,"2026-07-02, 2026-07-03",Open,Open,Allowed,Open,Allowed,None,2026-07-02,2026-07-01 18:29:05.567,legacy_price_timestamp,c5e03a935cc132f6c83671d0025ae6570598c56f397aa3b85c0a447116509181,,,,,5.515120277777778,True,Open,Allowed,None,2026-07-02,2026-07-01 18:29:05.567,legacy_price_timestamp,c5e03a935cc132f6c83671d0025ae6570598c56f397aa3b85c0a447116509181,,,,,5.515120277777778,True
2026-07-03,17,2026-07-03 00:40:00.051,2026-07-03 23:16:00.543,2026-07-03 02:43:02.339,2026-07-03 23:16:01.389,Open,2026-07-03,17,2026-07-03 00:40:00.051,2026-07-03 23:16:00.543,2026-07-03 02:43:02.339,2026-07-03 23:16:01.389,Open,2026-07-03,17,2026-07-03 00:40:00.051,2026-07-03 23:16:00.543,2026-07-03 02:43:02.339,2026-07-03 23:16:01.389,Open,2026-07-03,Open,Open,Allowed,Open,Allowed,None,2026-07-03,2026-07-02 22:39:02.427,legacy_price_timestamp,2f7bd7b29990305ae20441c047a3ad8043fea515e605c26fc03ab398a2cd04eb,,,,,1.3493258333333333,True,Open,Allowed,None,2026-07-03,2026-07-02 22:39:02.427,legacy_price_timestamp,2f7bd7b29990305ae20441c047a3ad8043fea515e605c26fc03ab398a2cd04eb,,,,,1.3493258333333333,True
2026-07-04,17,2026-07-04 01:00:00.023,2026-07-04 23:05:01.981,2026-07-04 03:19:06.045,2026-07-04 23:05:02.781,Open,2026-07-04,17,2026-07-04 01:00:00.023,2026-07-04 23:05:01.981,2026-07-04 03:19:06.045,2026-07-04 23:05:02.781,Open,2026-07-04,17,2026-07-04 01:00:00.023,2026-07-04 23:05:01.981,2026-07-04 03:19:06.045,2026-07-04 23:05:02.781,Open,2026-07-04,Open,Open,Allowed,Open,Allowed,None,2026-07-04,2026-07-03 23:16:00.543,legacy_price_timestamp,bab2e2ab7d1093ed19d8950dea51c97e1f2612d4d2ee5b9b085b1af607a7e443,,,,,0.7331825,True,Open,Allowed,None,2026-07-04,2026-07-03 23:16:00.543,legacy_price_timestamp,bab2e2ab7d1093ed19d8950dea51c97e1f2612d4d2ee5b9b085b1af607a7e443,,,,,0.7331825,True
2026-07-05,17,2026-07-05 01:00:00.057,2026-07-05 23:30:00.585,2026-07-05 03:09:02.714,2026-07-05 23:30:02.226,Open,2026-07-05,17,2026-07-05 01:00:00.057,2026-07-05 23:30:00.585,2026-07-05 03:09:02.714,2026-07-05 23:30:02.226,Open,2026-07-05,17,2026-07-05 01:00:00.057,2026-07-05 23:30:00.585,2026-07-05 03:09:02.714,2026-07-05 23:30:02.226,Open,2026-07-05,Open,Open,Allowed,Open,Allowed,None,2026-07-05,2026-07-04 23:05:01.981,legacy_price_timestamp,0c88a04d0a7cac56093292b869ee7de9a8a2dc05c5d2e2c1b137df9e95272418,,,,,0.9161163888888888,True,Open,Allowed,None,2026-07-05,2026-07-04 23:05:01.981,legacy_price_timestamp,0c88a04d0a7cac56093292b869ee7de9a8a2dc05c5d2e2c1b137df9e95272418,,,,,0.9161163888888888,True
2026-07-06,16,2026-07-06 01:20:00.056,2026-07-06 22:40:00.004,2026-07-06 03:34:02.691,2026-07-07 00:57:14.141,Open,"2026-07-06, 2026-07-07",16,2026-07-06 01:20:00.056,2026-07-06 22:40:00.004,2026-07-06 03:34:02.691,2026-07-07 00:57:14.141,Open,"2026-07-06, 2026-07-07",16,2026-07-06 01:20:00.056,2026-07-06 22:40:00.004,2026-07-06 03:34:02.691,2026-07-07 00:57:14.141,Open,"2026-07-06, 2026-07-07",Open,Open,Allowed,Open,Allowed,None,2026-07-06,2026-07-05 23:30:00.585,legacy_price_timestamp,e30bf6ee407d1d607a568677d2580d1df259cf123cb8b2ca6973e9612d86bccf,,,,,0.4998375,True,Open,Allowed,None,2026-07-06,2026-07-05 23:30:00.585,legacy_price_timestamp,e30bf6ee407d1d607a568677d2580d1df259cf123cb8b2ca6973e9612d86bccf,,,,,0.4998375,True
2026-07-07,17,2026-07-07 00:40:00.026,2026-07-07 22:20:00.034,2026-07-07 00:57:14.141,2026-07-08 00:57:13.346,Open,"2026-07-07, 2026-07-08",17,2026-07-07 00:40:00.026,2026-07-07 22:20:00.034,2026-07-07 00:57:14.141,2026-07-08 00:57:13.346,Open,"2026-07-07, 2026-07-08",17,2026-07-07 00:40:00.026,2026-07-07 22:20:00.034,2026-07-07 00:57:14.141,2026-07-08 00:57:13.346,Open,"2026-07-07, 2026-07-08",Open,Open,Allowed,Open,Allowed,None,2026-07-07,2026-07-06 21:02:18.152,legacy_price_timestamp,f3c1dc3b93f31503d700b1ca5bb2a4f1ba595235ce13cc0ba41613441fb30489,,,,,2.9616244444444444,True,Open,Allowed,None,2026-07-07,2026-07-06 21:02:18.152,legacy_price_timestamp,f3c1dc3b93f31503d700b1ca5bb2a4f1ba595235ce13cc0ba41613441fb30489,,,,,2.9616244444444444,True
2026-07-08,17,2026-07-08 00:20:00.071,2026-07-08 22:00:00.056,2026-07-08 00:57:13.346,2026-07-09 01:36:03.234,Open,"2026-07-08, 2026-07-09",17,2026-07-08 00:20:00.071,2026-07-08 22:00:00.056,2026-07-08 00:57:13.346,2026-07-09 01:36:03.234,Open,"2026-07-08, 2026-07-09",17,2026-07-08 00:20:00.071,2026-07-08 22:00:00.056,2026-07-08 00:57:13.346,2026-07-09 01:36:03.234,Open,"2026-07-08, 2026-07-09",Open,Open,Allowed,Open,Allowed,None,2026-07-08,2026-07-07 21:02:17.685,legacy_price_timestamp,3a9d15c243141a3669a67f9d93aa877caf1c01631268b8f5f0f36d27f533ceb5,,,,,2.9617541666666667,True,Open,Allowed,None,2026-07-08,2026-07-07 21:02:17.685,legacy_price_timestamp,3a9d15c243141a3669a67f9d93aa877caf1c01631268b8f5f0f36d27f533ceb5,,,,,2.9617541666666667,True
2026-07-09,17,2026-07-09 00:20:00.026,2026-07-09 22:40:00.021,2026-07-09 01:36:03.234,2026-07-10 01:31:18.933,Open,"2026-07-09, 2026-07-10",17,2026-07-09 00:20:00.026,2026-07-09 22:40:00.021,2026-07-09 01:36:03.234,2026-07-10 01:31:18.933,Open,"2026-07-09, 2026-07-10",17,2026-07-09 00:20:00.026,2026-07-09 22:40:00.021,2026-07-09 01:36:03.234,2026-07-10 01:31:18.933,Open,"2026-07-09, 2026-07-10",Open,Open,Allowed,Open,Allowed,None,2026-07-09,2026-07-08 21:40:14.328,legacy_price_timestamp,6805db1d90b8da6e271cabb2d49214d8ce4d2c4b84da59b1090651d45c73a18f,,,,,2.3293533333333336,True,Open,Allowed,None,2026-07-09,2026-07-08 21:40:14.328,legacy_price_timestamp,6805db1d90b8da6e271cabb2d49214d8ce4d2c4b84da59b1090651d45c73a18f,,,,,2.3293533333333336,True
2026-07-10,17,2026-07-10 00:40:00.079,2026-07-10 22:44:21.414,2026-07-10 01:31:18.933,2026-07-10 22:45:33.809,Open,2026-07-10,17,2026-07-10 00:40:00.079,2026-07-10 22:44:21.414,2026-07-10 01:31:18.933,2026-07-10 22:45:33.809,Open,2026-07-10,17,2026-07-10 00:40:00.079,2026-07-10 22:44:21.414,2026-07-10 01:31:18.933,2026-07-10 22:45:33.809,Open,2026-07-10,Open,Open,Allowed,Open,Allowed,None,2026-07-10,2026-07-09 21:52:13.491,legacy_price_timestamp,34f33a7d05133270560e965b627bf46c357b64a17e6107ab2298b599355900c5,,,,,2.1295858333333335,True,Open,Allowed,None,2026-07-10,2026-07-09 21:52:13.491,legacy_price_timestamp,34f33a7d05133270560e965b627bf46c357b64a17e6107ab2298b599355900c5,,,,,2.1295858333333335,True
2026-07-11,17,2026-07-11 00:40:00.017,2026-07-11 23:14:07.470,2026-07-11 02:38:05.460,2026-07-11 23:14:43.794,Open,2026-07-11,17,2026-07-11 00:40:00.017,2026-07-11 23:14:07.470,2026-07-11 02:38:05.460,2026-07-11 23:14:43.794,Open,2026-07-11,17,2026-07-11 00:40:00.017,2026-07-11 23:14:07.470,2026-07-11 02:38:05.460,2026-07-11 23:14:43.794,Open,2026-07-11,Open,Open,Allowed,Open,Allowed,None,2026-07-11,2026-07-10 22:44:21.414,legacy_price_timestamp,c5a21257f9eefc84e23336cfd21e71f2d057443375df97366a7bc7c43a435651,,,,,1.2607183333333334,True,Open,Allowed,None,2026-07-11,2026-07-10 22:44:21.414,legacy_price_timestamp,c5a21257f9eefc84e23336cfd21e71f2d057443375df97366a7bc7c43a435651,,,,,1.2607183333333334,True
2026-07-12,17,2026-07-12 00:20:00.006,2026-07-12 23:09:07.803,2026-07-12 03:07:48.983,2026-07-12 23:09:09.108,Open,2026-07-12,17,2026-07-12 00:20:00.006,2026-07-12 23:09:07.803,2026-07-12 03:07:48.983,2026-07-12 23:09:09.108,Open,2026-07-12,17,2026-07-12 00:20:00.006,2026-07-12 23:09:07.803,2026-07-12 03:07:48.983,2026-07-12 23:09:09.108,Open,2026-07-12,Open,Open,Allowed,Open,Allowed,None,2026-07-12,2026-07-11 23:14:07.470,legacy_price_timestamp,f227946d5abfb76f5d1e39358fdc0917dc9c63578daa6c0bff706693f93e9934,,,,,0.7645916666666667,True,Open,Allowed,None,2026-07-12,2026-07-11 23:14:07.470,legacy_price_timestamp,f227946d5abfb76f5d1e39358fdc0917dc9c63578daa6c0bff706693f93e9934,,,,,0.7645916666666667,True
2026-07-13,18,2026-07-13 00:00:00.059,2026-07-13 23:40:00.043,2026-07-13 03:03:46.920,2026-07-14 03:33:41.804,Open,"2026-07-13, 2026-07-14",18,2026-07-13 00:00:00.059,2026-07-13 23:40:00.043,2026-07-13 03:03:46.920,2026-07-14 03:33:41.804,Open,"2026-07-13, 2026-07-14",18,2026-07-13 00:00:00.059,2026-07-13 23:40:00.043,2026-07-13 03:03:46.920,2026-07-14 03:33:41.804,Open,"2026-07-13, 2026-07-14",Open,Open,Allowed,Open,Allowed,None,2026-07-13,2026-07-12 23:09:07.803,legacy_price_timestamp,02d97c5ba8d2d059d02697fa9382c9cf204641d37683c3977a74c4f5089747a5,,,,,0.8478325,True,Open,Allowed,None,2026-07-13,2026-07-12 23:09:07.803,legacy_price_timestamp,02d97c5ba8d2d059d02697fa9382c9cf204641d37683c3977a74c4f5089747a5,,,,,0.8478325,True
2026-07-14,25,2026-07-14 02:00:00.032,2026-07-14 23:42:54.120,2026-07-14 03:33:41.804,2026-07-14 23:42:55.596,Open,2026-07-14,25,2026-07-14 02:00:00.032,2026-07-14 23:42:54.120,2026-07-14 03:33:41.804,2026-07-14 23:42:55.596,Open,2026-07-14,25,2026-07-14 02:00:00.032,2026-07-14 23:42:54.120,2026-07-14 03:33:41.804,2026-07-14 23:42:55.596,Open,2026-07-14,Open,Open,Allowed,Open,Allowed,None,2026-07-14,2026-07-13 23:38:45.288,legacy_price_timestamp,b40f79b31f0e77b2adcd1a0c77086fc925b879282414e2cda01681efd88f8706,,,,,0.35408666666666666,True,Open,Allowed,None,2026-07-14,2026-07-13 23:38:45.288,legacy_price_timestamp,b40f79b31f0e77b2adcd1a0c77086fc925b879282414e2cda01681efd88f8706,,,,,0.35408666666666666,True
2026-07-15,25,2026-07-15 00:00:00.046,2026-07-15 22:21:40.567,2026-07-15 00:35:42.401,2026-07-15 22:21:46.110,Open,2026-07-15,25,2026-07-15 00:00:00.046,2026-07-15 22:21:40.567,2026-07-15 00:35:42.401,2026-07-15 22:21:46.110,Open,2026-07-15,25,2026-07-15 00:00:00.046,2026-07-15 22:21:40.567,2026-07-15 00:35:42.401,2026-07-15 22:21:46.110,Open,2026-07-15,Open,Open,Allowed,Open,Allowed,None,2026-07-15,2026-07-14 23:42:54.120,legacy_price_timestamp,f9cfa48a171b83556d3caec49169885be186297c88920250694cd4f50ece4fe1,,,,,0.2849666666666667,True,Open,Allowed,None,2026-07-15,2026-07-14 23:42:54.120,legacy_price_timestamp,f9cfa48a171b83556d3caec49169885be186297c88920250694cd4f50ece4fe1,,,,,0.2849666666666667,True
2026-07-16,17,2026-07-16 00:40:00.017,2026-07-16 22:20:00.000,2026-07-16 02:23:08.409,2026-07-17 02:07:37.897,Open,"2026-07-16, 2026-07-17",17,2026-07-16 00:40:00.017,2026-07-16 22:20:00.000,2026-07-16 02:23:08.409,2026-07-17 02:07:37.897,Open,"2026-07-16, 2026-07-17",17,2026-07-16 00:40:00.017,2026-07-16 22:20:00.000,2026-07-16 02:23:08.409,2026-07-17 02:07:37.897,Open,"2026-07-16, 2026-07-17",Open,Open,Allowed,Open,Allowed,None,2026-07-16,2026-07-15 22:21:40.567,legacy_price_timestamp,334a575f75dc40841b364932bdf4c5353c62e4858bf293ef742ff28e2d4c5b2c,,,,,1.6387313888888888,True,Open,Allowed,None,2026-07-16,2026-07-15 22:21:40.567,legacy_price_timestamp,334a575f75dc40841b364932bdf4c5353c62e4858bf293ef742ff28e2d4c5b2c,,,,,1.6387313888888888,True
2026-07-17,18,2026-07-17 00:20:00.016,2026-07-17 22:00:00.069,2026-07-17 02:07:37.897,2026-07-18 00:03:19.127,Open,"2026-07-17, 2026-07-18",18,2026-07-17 00:20:00.016,2026-07-17 22:00:00.069,2026-07-17 02:07:37.897,2026-07-18 00:03:19.127,Open,"2026-07-17, 2026-07-18",18,2026-07-17 00:20:00.016,2026-07-17 22:00:00.069,2026-07-17 02:07:37.897,2026-07-18 00:03:19.127,Open,"2026-07-17, 2026-07-18",Open,Open,Allowed,Open,Allowed,None,2026-07-17,2026-07-16 22:07:05.122,legacy_price_timestamp,f39cd0eceb63ec6e8e3ae6842c9e65fca7934f9cd8db516929683b934c58e50c,,,,,1.8819105555555555,True,Open,Allowed,None,2026-07-17,2026-07-16 22:07:05.122,legacy_price_timestamp,f39cd0eceb63ec6e8e3ae6842c9e65fca7934f9cd8db516929683b934c58e50c,,,,,1.8819105555555555,True
2026-07-18,17,2026-07-18 00:00:00.082,2026-07-18 21:40:00.042,2026-07-18 00:03:19.127,2026-07-19 01:14:24.885,Open,"2026-07-18, 2026-07-19",17,2026-07-18 00:00:00.082,2026-07-18 21:40:00.042,2026-07-18 00:03:19.127,2026-07-19 01:14:24.885,Open,"2026-07-18, 2026-07-19",17,2026-07-18 00:00:00.082,2026-07-18 21:40:00.042,2026-07-18 00:03:19.127,2026-07-19 01:14:24.885,Open,"2026-07-18, 2026-07-19",Open,Open,Allowed,Open,Allowed,None,2026-07-18,2026-07-17 20:04:08.313,legacy_price_timestamp,bbc4f6ba22a096c5d2ff7f94a3de47babcf0dc0d59d4ba7736c8f8f7f03c39c1,,,,,3.9310241666666665,True,Open,Allowed,None,2026-07-18,2026-07-17 20:04:08.313,legacy_price_timestamp,bbc4f6ba22a096c5d2ff7f94a3de47babcf0dc0d59d4ba7736c8f8f7f03c39c1,,,,,3.9310241666666665,True
2026-07-19,17,2026-07-19 00:00:00.030,2026-07-19 22:38:42.500,2026-07-19 01:14:24.885,2026-07-19 22:38:45.852,Open,2026-07-19,17,2026-07-19 00:00:00.030,2026-07-19 22:38:42.500,2026-07-19 01:14:24.885,2026-07-19 22:38:45.852,Open,2026-07-19,17,2026-07-19 00:00:00.030,2026-07-19 22:38:42.500,2026-07-19 01:14:24.885,2026-07-19 22:38:45.852,Open,2026-07-19,Open,Open,Allowed,Open,Allowed,None,2026-07-19,2026-07-18 21:28:05.440,legacy_price_timestamp,bb7bae377f3e43651c51de458b72dcc0b8a31f06b81ae67b58e672bfce55466c,,,,,2.531822222222222,True,Open,Allowed,None,2026-07-19,2026-07-18 21:28:05.440,legacy_price_timestamp,bb7bae377f3e43651c51de458b72dcc0b8a31f06b81ae67b58e672bfce55466c,,,,,2.531822222222222,True
2026-07-20,17,2026-07-20 00:20:00.059,2026-07-20 22:50:16.712,2026-07-20 02:39:57.641,2026-07-20 22:50:54.036,Open,2026-07-20,17,2026-07-20 00:20:00.059,2026-07-20 22:50:16.712,2026-07-20 02:39:57.641,2026-07-20 22:50:54.036,Open,2026-07-20,17,2026-07-20 00:20:00.059,2026-07-20 22:50:16.712,2026-07-20 02:39:57.641,2026-07-20 22:50:54.036,Open,2026-07-20,Open,Open,Allowed,Open,Allowed,None,2026-07-20,2026-07-19 22:38:42.500,legacy_price_timestamp,4c03b7863fc2260c887687387b876eaf76f48b146d0efe5d72cbcc19af50ca8a,,,,,1.354861111111111,True,Open,Allowed,None,2026-07-20,2026-07-19 22:38:42.500,legacy_price_timestamp,4c03b7863fc2260c887687387b876eaf76f48b146d0efe5d72cbcc19af50ca8a,,,,,1.354861111111111,True
2026-07-21,17,2026-07-21 00:20:00.034,2026-07-21 23:39:53.700,2026-07-21 02:49:54.809,2026-07-21 23:40:16.211,Open,2026-07-21,17,2026-07-21 00:20:00.034,2026-07-21 23:39:53.700,2026-07-21 02:49:54.809,2026-07-21 23:40:16.211,Open,2026-07-21,17,2026-07-21 00:20:00.034,2026-07-21 23:39:53.700,2026-07-21 02:49:54.809,2026-07-21 23:40:16.211,Open,2026-07-21,Open,Open,Allowed,Open,Allowed,None,2026-07-21,2026-07-20 22:50:16.712,legacy_price_timestamp,516c6da97d1d90d95ca6f4ad9e308dfcbcae133ab69ec14d8c19a54a65a1caa6,,,,,1.1620244444444443,True,Open,Allowed,None,2026-07-21,2026-07-20 22:50:16.712,legacy_price_timestamp,516c6da97d1d90d95ca6f4ad9e308dfcbcae133ab69ec14d8c19a54a65a1caa6,,,,,1.1620244444444443,True
2026-07-22,17,2026-07-22 00:20:00.051,2026-07-22 23:53:06.615,2026-07-22 03:41:23.245,2026-07-22 23:53:12.755,Open,2026-07-22,17,2026-07-22 00:20:00.051,2026-07-22 23:53:06.615,2026-07-22 03:41:23.245,2026-07-22 23:53:12.755,Open,2026-07-22,17,2026-07-22 00:20:00.051,2026-07-22 23:53:06.615,2026-07-22 03:41:23.245,2026-07-22 23:53:12.755,Open,2026-07-22,Open,Open,Allowed,Open,Allowed,None,2026-07-22,2026-07-21 23:39:53.700,legacy_price_timestamp,fe0b6c5e289d6fd8358fe61f8a67f954580f5fe5865b4ace4ffa0a0861202d03,,,,,0.33508333333333334,True,Open,Allowed,None,2026-07-22,2026-07-21 23:39:53.700,legacy_price_timestamp,fe0b6c5e289d6fd8358fe61f8a67f954580f5fe5865b4ace4ffa0a0861202d03,,,,,0.33508333333333334,True
2026-07-23,17,2026-07-23 00:40:00.041,2026-07-23 23:52:47.370,2026-07-23 03:48:50.020,2026-07-23 23:53:04.903,Open,2026-07-23,17,2026-07-23 00:40:00.041,2026-07-23 23:52:47.370,2026-07-23 03:48:50.020,2026-07-23 23:53:04.903,Open,2026-07-23,17,2026-07-23 00:40:00.041,2026-07-23 23:52:47.370,2026-07-23 03:48:50.020,2026-07-23 23:53:04.903,Open,2026-07-23,Open,Open,Allowed,Open,Allowed,None,2026-07-23,2026-07-22 23:53:06.615,legacy_price_timestamp,ba6f1f0022de7293d0c36618a68bc02c1db64364a3e6d92488da6c986b30030c,,,,,0.11482916666666666,True,Open,Allowed,None,2026-07-23,2026-07-22 23:53:06.615,legacy_price_timestamp,ba6f1f0022de7293d0c36618a68bc02c1db64364a3e6d92488da6c986b30030c,,,,,0.11482916666666666,True
2026-07-24,16,2026-07-24 00:20:00.054,2026-07-24 22:20:00.057,2026-07-24 04:08:55.874,2026-07-25 02:07:39.851,Open,"2026-07-24, 2026-07-25",16,2026-07-24 00:20:00.054,2026-07-24 22:20:00.057,2026-07-24 04:08:55.874,2026-07-25 02:07:39.851,Open,"2026-07-24, 2026-07-25",16,2026-07-24 00:20:00.054,2026-07-24 22:20:00.057,2026-07-24 04:08:55.874,2026-07-25 02:07:39.851,Open,"2026-07-24, 2026-07-25",Open,Open,Allowed,Open,Allowed,None,2026-07-24,2026-07-23 23:52:47.370,legacy_price_timestamp,11a6c4aa11fae5a9b87cbbaabef8decff671b47b611425967764b2ea7cfd91af,,,,,0.120175,True,Open,Allowed,None,2026-07-24,2026-07-23 23:52:47.370,legacy_price_timestamp,11a6c4aa11fae5a9b87cbbaabef8decff671b47b611425967764b2ea7cfd91af,,,,,0.120175,True
2026-07-25,15,2026-07-25 00:40:00.061,2026-07-25 22:40:00.002,2026-07-25 02:07:39.851,2026-07-26 15:17:31.688,Open,"2026-07-25, 2026-07-26",15,2026-07-25 00:40:00.061,2026-07-25 22:40:00.002,2026-07-25 02:07:39.851,2026-07-26 15:17:31.688,Open,"2026-07-25, 2026-07-26",15,2026-07-25 00:40:00.061,2026-07-25 22:40:00.002,2026-07-25 02:07:39.851,2026-07-26 15:17:31.688,Open,"2026-07-25, 2026-07-26",Open,Open,Allowed,Open,Allowed,None,2026-07-25,2026-07-24 22:07:24.095,legacy_price_timestamp,95d8c84a1c5902800da7e37c361168cee64e74a2afabdbff5403930ad93376ef,,,,,1.8766402777777778,True,Open,Allowed,None,2026-07-25,2026-07-24 22:07:24.095,legacy_price_timestamp,95d8c84a1c5902800da7e37c361168cee64e74a2afabdbff5403930ad93376ef,,,,,1.8766402777777778,True
2026-07-26,13,2026-07-26 00:40:00.006,2026-07-26 22:40:00.088,2026-07-26 15:17:31.688,2026-07-27 04:59:15.674,Open,"2026-07-26, 2026-07-27",13,2026-07-26 00:40:00.006,2026-07-26 22:40:00.088,2026-07-26 15:17:31.688,2026-07-27 04:59:15.674,Open,"2026-07-26, 2026-07-27",13,2026-07-26 00:40:00.006,2026-07-26 22:40:00.088,2026-07-26 15:17:31.688,2026-07-27 04:59:15.674,Open,"2026-07-26, 2026-07-27",Open,Open,Allowed,Open,Allowed,None,2026-07-26,2026-07-25 14:35:45.607,legacy_price_timestamp,acc68c69385d4559ffe997750cc145b0fbc4aa7514da0b840d3248e4a7189dc3,,,,,9.403998055555554,True,Open,Allowed,None,2026-07-26,2026-07-25 14:35:45.607,legacy_price_timestamp,acc68c69385d4559ffe997750cc145b0fbc4aa7514da0b840d3248e4a7189dc3,,,,,9.403998055555554,True
2026-07-27,16,2026-07-27 01:00:00.022,2026-07-27 23:20:00.063,2026-07-27 04:59:15.674,2026-07-28 01:29:42.400,Open,"2026-07-27, 2026-07-28",16,2026-07-27 01:00:00.022,2026-07-27 23:20:00.063,2026-07-27 04:59:15.674,2026-07-28 01:29:42.400,Open,"2026-07-27, 2026-07-28",16,2026-07-27 01:00:00.022,2026-07-27 23:20:00.063,2026-07-27 04:59:15.674,2026-07-28 01:29:42.400,Open,"2026-07-27, 2026-07-28",Open,Open,Allowed,Open,Allowed,None,2026-07-27,2026-07-26 19:23:08.765,legacy_price_timestamp,cd9d7b2830b6bd1dff6e4b1f0aa79ad8ef6e00b3ba9fa4b5ec0529f14584a6b4,,,,,4.614231944444445,True,Open,Allowed,None,2026-07-27,2026-07-26 19:23:08.765,legacy_price_timestamp,cd9d7b2830b6bd1dff6e4b1f0aa79ad8ef6e00b3ba9fa4b5ec0529f14584a6b4,,,,,4.614231944444445,True
2026-07-28,17,2026-07-28 01:29:40.420,2026-07-28 23:40:00.030,2026-07-28 01:29:42.400,2026-07-29 01:26:12.730,Open,"2026-07-28, 2026-07-29",17,2026-07-28 01:29:40.420,2026-07-28 23:40:00.030,2026-07-28 01:29:42.400,2026-07-29 01:26:12.730,Open,"2026-07-28, 2026-07-29",17,2026-07-28 01:29:40.420,2026-07-28 23:40:00.030,2026-07-28 01:29:42.400,2026-07-29 01:26:12.730,Open,"2026-07-28, 2026-07-29",Open,Open,Allowed,Open,Allowed,None,2026-07-28,2026-07-27 21:29:38.675,legacy_price_timestamp,6458d5153188f758b2b0595b589ed649db514aaf2336a49d849bd7722e5477ab,,,,,2.505923611111111,True,Open,Allowed,None,2026-07-28,2026-07-27 21:29:38.675,legacy_price_timestamp,6458d5153188f758b2b0595b589ed649db514aaf2336a49d849bd7722e5477ab,,,,,2.505923611111111,True
2026-07-29,17,2026-07-29 01:26:11.323,2026-07-29 23:00:00.078,2026-07-29 01:26:12.730,2026-07-30 01:26:10.991,Open,"2026-07-29, 2026-07-30",17,2026-07-29 01:26:11.323,2026-07-29 23:00:00.078,2026-07-29 01:26:12.730,2026-07-30 01:26:10.991,Open,"2026-07-29, 2026-07-30",17,2026-07-29 01:26:11.323,2026-07-29 23:00:00.078,2026-07-29 01:26:12.730,2026-07-30 01:26:10.991,Open,"2026-07-29, 2026-07-30",Open,Open,Allowed,Open,Allowed,None,2026-07-29,2026-07-28 21:26:11.724,legacy_price_timestamp,d3b209974ce1d7d9795da6d13dfdb2a7e4be46ff551d25fab1f9ffca5f3ffa10,,,,,2.5634099999999997,True,Open,Allowed,None,2026-07-29,2026-07-28 21:26:11.724,legacy_price_timestamp,d3b209974ce1d7d9795da6d13dfdb2a7e4be46ff551d25fab1f9ffca5f3ffa10,,,,,2.5634099999999997,True
2026-07-30,16,2026-07-30 01:20:00.051,2026-07-30 21:40:00.066,2026-07-30 01:26:10.991,2026-07-31 01:21:25.114,Open,"2026-07-30, 2026-07-31",16,2026-07-30 01:20:00.051,2026-07-30 21:40:00.066,2026-07-30 01:26:10.991,2026-07-31 01:21:25.114,Open,"2026-07-30, 2026-07-31",16,2026-07-30 01:20:00.051,2026-07-30 21:40:00.066,2026-07-30 01:26:10.991,2026-07-31 01:21:25.114,Open,"2026-07-30, 2026-07-31",Open,Open,Allowed,Open,Allowed,None,2026-07-30,2026-07-29 21:26:08.034,legacy_price_timestamp,09a76b785b321b25328735e7e89d651475e07fc4b9790b61dd515adfbf3c04f2,,,,,2.564435,True,Open,Allowed,None,2026-07-30,2026-07-29 21:26:08.034,legacy_price_timestamp,09a76b785b321b25328735e7e89d651475e07fc4b9790b61dd515adfbf3c04f2,,,,,2.564435,True
2026-07-31,17,2026-07-31 00:00:00.072,2026-07-31 22:00:15.876,2026-07-31 01:21:25.114,2026-07-31 22:00:38.198,Open,2026-07-31,17,2026-07-31 00:00:00.072,2026-07-31 22:00:15.876,2026-07-31 01:21:25.114,2026-07-31 22:00:38.198,Open,2026-07-31,17,2026-07-31 00:00:00.072,2026-07-31 22:00:15.876,2026-07-31 01:21:25.114,2026-07-31 22:00:38.198,Open,2026-07-31,Open,Open,Allowed,Open,Allowed,None,2026-07-31,2026-07-30 21:15:28.469,legacy_price_timestamp,6a3b2173a441a9a72775c31d7fca3dd95aaf35f97296c3618dec9c3e2f3a7679,,,,,2.7420919444444447,True,Open,Allowed,None,2026-07-31,2026-07-30 21:15:28.469,legacy_price_timestamp,6a3b2173a441a9a72775c31d7fca3dd95aaf35f97296c3618dec9c3e2f3a7679,,,,,2.7420919444444447,True
2026-08-01,17,2026-08-01 00:00:00.080,2026-08-01 22:39:50.456,2026-08-01 01:59:17.881,2026-08-01 22:39:57.810,Open,2026-08-01,17,2026-08-01 00:00:00.080,2026-08-01 22:39:50.456,2026-08-01 01:59:17.881,2026-08-01 22:39:57.810,Open,2026-08-01,17,2026-08-01 00:00:00.080,2026-08-01 22:39:50.456,2026-08-01 01:59:17.881,2026-08-01 22:39:57.810,Open,2026-08-01,Open,Open,Allowed,Open,Allowed,None,2026-08-01,2026-07-31 22:00:15.876,legacy_price_timestamp,77181977072c32c42005bab80f9a8c917ffd5d378d60a9db8af8f34586f03072,,,,,1.99559,True,Open,Allowed,None,2026-08-01,2026-07-31 22:00:15.876,legacy_price_timestamp,77181977072c32c42005bab80f9a8c917ffd5d378d60a9db8af8f34586f03072,,,,,1.99559,True
2026-08-02,17,2026-08-02 00:00:00.059,2026-08-02 23:30:13.363,2026-08-02 02:38:25.199,2026-08-02 23:30:20.682,Open,2026-08-02,17,2026-08-02 00:00:00.059,2026-08-02 23:30:13.363,2026-08-02 02:38:25.199,2026-08-02 23:30:20.682,Open,2026-08-02,17,2026-08-02 00:00:00.059,2026-08-02 23:30:13.363,2026-08-02 02:38:25.199,2026-08-02 23:30:20.682,Open,2026-08-02,Open,Open,Allowed,Open,Allowed,None,2026-08-02,2026-08-01 22:39:50.456,legacy_price_timestamp,504caa359e08910ff3c6b428422de0c9125c3dfa56fc545de226fbe0b5046b57,,,,,1.3359844444444444,True,Open,Allowed,None,2026-08-02,2026-08-01 22:39:50.456,legacy_price_timestamp,504caa359e08910ff3c6b428422de0c9125c3dfa56fc545de226fbe0b5046b57,,,,,1.3359844444444444,True
2026-08-03,17,2026-08-03 00:20:00.025,2026-08-03 23:35:46.714,2026-08-03 03:23:36.252,2026-08-03 23:35:59.032,Open,2026-08-03,17,2026-08-03 00:20:00.025,2026-08-03 23:35:46.714,2026-08-03 03:23:36.252,2026-08-03 23:35:59.032,Open,2026-08-03,17,2026-08-03 00:20:00.025,2026-08-03 23:35:46.714,2026-08-03 03:23:36.252,2026-08-03 23:35:59.032,Open,2026-08-03,Open,Open,Allowed,Open,Allowed,None,2026-08-03,2026-08-02 23:30:13.363,legacy_price_timestamp,a2fb0fa54ad42646606dda3307a4f34920a7f19e9d4002abc78a4842be2e73fb,,,,,0.49628805555555555,True,Open,Allowed,None,2026-08-03,2026-08-02 23:30:13.363,legacy_price_timestamp,a2fb0fa54ad42646606dda3307a4f34920a7f19e9d4002abc78a4842be2e73fb,,,,,0.49628805555555555,True
2026-08-04,17,2026-08-04 00:00:00.008,2026-08-04 21:40:00.041,2026-08-04 03:34:28.869,2026-08-05 00:27:29.336,Open,"2026-08-04, 2026-08-05",17,2026-08-04 00:00:00.008,2026-08-04 21:40:00.041,2026-08-04 03:34:28.869,2026-08-05 00:27:29.336,Open,"2026-08-04, 2026-08-05",17,2026-08-04 00:00:00.008,2026-08-04 21:40:00.041,2026-08-04 03:34:28.869,2026-08-05 00:27:29.336,Open,"2026-08-04, 2026-08-05",Open,Open,Allowed,Open,Allowed,None,2026-08-04,2026-08-03 23:35:46.714,legacy_price_timestamp,2bf62ea37eddc216255e8fcb48a4c3ea7b03d2000ae29417d874542f8e028e7a,,,,,0.40369055555555555,True,Open,Allowed,None,2026-08-04,2026-08-03 23:35:46.714,legacy_price_timestamp,2bf62ea37eddc216255e8fcb48a4c3ea7b03d2000ae29417d874542f8e028e7a,,,,,0.40369055555555555,True
2026-08-05,18,2026-08-05 00:00:00.040,2026-08-05 23:40:00.036,2026-08-05 00:27:29.336,2026-08-06 01:24:21.729,Open,"2026-08-05, 2026-08-06",18,2026-08-05 00:00:00.040,2026-08-05 23:40:00.036,2026-08-05 00:27:29.336,2026-08-06 01:24:21.729,Open,"2026-08-05, 2026-08-06",18,2026-08-05 00:00:00.040,2026-08-05 23:40:00.036,2026-08-05 00:27:29.336,2026-08-06 01:24:21.729,Open,"2026-08-05, 2026-08-06",Open,Open,Allowed,Open,Allowed,None,2026-08-05,2026-08-04 20:26:43.108,legacy_price_timestamp,e3004c7831302a294ecfd048ee17ed931eea5c223257566009eebfe5ee02d5a9,,,,,3.554692222222222,True,Open,Allowed,None,2026-08-05,2026-08-04 20:26:43.108,legacy_price_timestamp,e3004c7831302a294ecfd048ee17ed931eea5c223257566009eebfe5ee02d5a9,,,,,3.554692222222222,True
2026-08-06,16,2026-08-06 01:23:57.292,2026-08-06 22:00:00.021,2026-08-06 01:24:21.729,2026-08-07 01:38:32.868,Open,"2026-08-06, 2026-08-07",16,2026-08-06 01:23:57.292,2026-08-06 22:00:00.021,2026-08-06 01:24:21.729,2026-08-07 01:38:32.868,Open,"2026-08-06, 2026-08-07",16,2026-08-06 01:23:57.292,2026-08-06 22:00:00.021,2026-08-06 01:24:21.729,2026-08-07 01:38:32.868,Open,"2026-08-06, 2026-08-07",Open,Open,Allowed,Open,Allowed,None,2026-08-06,2026-08-05 21:11:31.783,legacy_price_timestamp,d6faaf054006a846e4abbcb21af7e286bf54ee2405387e9fe00ec07c970377b7,,,,,2.8078380555555555,True,Open,Allowed,None,2026-08-06,2026-08-05 21:11:31.783,legacy_price_timestamp,d6faaf054006a846e4abbcb21af7e286bf54ee2405387e9fe00ec07c970377b7,,,,,2.8078380555555555,True
2026-08-07,17,2026-08-07 00:00:00.071,2026-08-07 21:40:00.128,2026-08-07 01:38:32.868,2026-08-08 01:38:05.500,Open,"2026-08-07, 2026-08-08",17,2026-08-07 00:00:00.071,2026-08-07 21:40:00.128,2026-08-07 01:38:32.868,2026-08-08 01:38:05.500,Open,"2026-08-07, 2026-08-08",17,2026-08-07 00:00:00.071,2026-08-07 21:40:00.128,2026-08-07 01:38:32.868,2026-08-08 01:38:05.500,Open,"2026-08-07, 2026-08-08",Open,Open,Allowed,Open,Allowed,None,2026-08-07,2026-08-06 21:34:31.370,legacy_price_timestamp,9bce561175e99487361289d214c3540750cca4b2cb21f9c4123a8614071a29d9,,,,,2.424619444444444,True,Open,Allowed,None,2026-08-07,2026-08-06 21:34:31.370,legacy_price_timestamp,9bce561175e99487361289d214c3540750cca4b2cb21f9c4123a8614071a29d9,,,,,2.424619444444444,True
2026-08-08,17,2026-08-08 00:00:00.060,2026-08-08 22:00:00.055,2026-08-08 01:38:05.500,2026-08-09 01:36:17.588,Open,"2026-08-08, 2026-08-09",17,2026-08-08 00:00:00.060,2026-08-08 22:00:00.055,2026-08-08 01:38:05.500,2026-08-09 01:36:17.588,Open,"2026-08-08, 2026-08-09",17,2026-08-08 00:00:00.060,2026-08-08 22:00:00.055,2026-08-08 01:38:05.500,2026-08-09 01:36:17.588,Open,"2026-08-08, 2026-08-09",Open,Open,Allowed,Open,Allowed,None,2026-08-08,2026-08-07 21:34:31.362,legacy_price_timestamp,2d825a82b3d31856fe11107ccff6fc9c13d6d8444b55aa7cab08b5ea41384dd7,,,,,2.424621666666667,True,Open,Allowed,None,2026-08-08,2026-08-07 21:34:31.362,legacy_price_timestamp,2d825a82b3d31856fe11107ccff6fc9c13d6d8444b55aa7cab08b5ea41384dd7,,,,,2.424621666666667,True
2026-08-09,17,2026-08-09 00:20:00.027,2026-08-09 23:00:00.017,2026-08-09 01:36:17.588,2026-08-10 02:06:52.317,Open,"2026-08-09, 2026-08-10",17,2026-08-09 00:20:00.027,2026-08-09 23:00:00.017,2026-08-09 01:36:17.588,2026-08-10 02:06:52.317,Open,"2026-08-09, 2026-08-10",17,2026-08-09 00:20:00.027,2026-08-09 23:00:00.017,2026-08-09 01:36:17.588,2026-08-10 02:06:52.317,Open,"2026-08-09, 2026-08-10",Open,Open,Allowed,Open,Allowed,None,2026-08-09,2026-08-08 21:35:30.481,legacy_price_timestamp,0c7ad165c5eb56970674267ede5cc9e42072fea4ade50e2409145c5a82e0dfe7,,,,,2.4081997222222222,True,Open,Allowed,None,2026-08-09,2026-08-08 21:35:30.481,legacy_price_timestamp,0c7ad165c5eb56970674267ede5cc9e42072fea4ade50e2409145c5a82e0dfe7,,,,,2.4081997222222222,True
2026-08-10,17,2026-08-10 01:00:00.030,2026-08-10 22:40:00.050,2026-08-10 02:06:52.317,2026-08-11 02:06:53.148,Open,"2026-08-10, 2026-08-11",17,2026-08-10 01:00:00.030,2026-08-10 22:40:00.050,2026-08-10 02:06:52.317,2026-08-11 02:06:53.148,Open,"2026-08-10, 2026-08-11",17,2026-08-10 01:00:00.030,2026-08-10 22:40:00.050,2026-08-10 02:06:52.317,2026-08-11 02:06:53.148,Open,"2026-08-10, 2026-08-11",Open,Open,Allowed,Open,Allowed,None,2026-08-10,2026-08-09 22:06:50.904,legacy_price_timestamp,c4ab4bf140b37ec7def387aef719390323b463f67aaf65bd964c34206385c2bd,,,,,1.8858599999999999,True,Open,Allowed,None,2026-08-10,2026-08-09 22:06:50.904,legacy_price_timestamp,c4ab4bf140b37ec7def387aef719390323b463f67aaf65bd964c34206385c2bd,,,,,1.8858599999999999,True
2026-08-11,17,2026-08-11 01:00:00.033,2026-08-11 22:40:00.039,2026-08-11 02:06:53.148,2026-08-12 02:06:50.871,Open,"2026-08-11, 2026-08-12",17,2026-08-11 01:00:00.033,2026-08-11 22:40:00.039,2026-08-11 02:06:53.148,2026-08-12 02:06:50.871,Open,"2026-08-11, 2026-08-12",17,2026-08-11 01:00:00.033,2026-08-11 22:40:00.039,2026-08-11 02:06:53.148,2026-08-12 02:06:50.871,Open,"2026-08-11, 2026-08-12",Open,Open,Allowed,Open,Allowed,None,2026-08-11,2026-08-10 22:06:54.649,legacy_price_timestamp,d3f29993906b18f87f123e5dc672da6ebdd064b4c01e8d9486c62c62f9fa4e8b,,,,,1.884819722222222,True,Open,Allowed,None,2026-08-11,2026-08-10 22:06:54.649,legacy_price_timestamp,d3f29993906b18f87f123e5dc672da6ebdd064b4c01e8d9486c62c62f9fa4e8b,,,,,1.884819722222222,True
2026-08-12,17,2026-08-12 01:00:00.060,2026-08-12 23:00:00.064,2026-08-12 02:06:50.871,2026-08-13 02:24:27.797,Open,"2026-08-12, 2026-08-13",17,2026-08-12 01:00:00.060,2026-08-12 23:00:00.064,2026-08-12 02:06:50.871,2026-08-13 02:24:27.797,Open,"2026-08-12, 2026-08-13",17,2026-08-12 01:00:00.060,2026-08-12 23:00:00.064,2026-08-12 02:06:50.871,2026-08-13 02:24:27.797,Open,"2026-08-12, 2026-08-13",Open,Open,Allowed,Open,Allowed,None,2026-08-12,2026-08-11 22:06:51.165,legacy_price_timestamp,ec9f2f18eac219af64295e6efdb56a53a406bd2e1124d6534e112ff5fabcb8fb,,,,,1.8857875,True,Open,Allowed,None,2026-08-12,2026-08-11 22:06:51.165,legacy_price_timestamp,ec9f2f18eac219af64295e6efdb56a53a406bd2e1124d6534e112ff5fabcb8fb,,,,,1.8857875,True
2026-08-13,17,2026-08-13 01:20:00.062,2026-08-13 23:40:00.053,2026-08-13 02:24:27.797,2026-08-14 02:31:41.048,Open,"2026-08-13, 2026-08-14",17,2026-08-13 01:20:00.062,2026-08-13 23:40:00.053,2026-08-13 02:24:27.797,2026-08-14 02:31:41.048,Open,"2026-08-13, 2026-08-14",17,2026-08-13 01:20:00.062,2026-08-13 23:40:00.053,2026-08-13 02:24:27.797,2026-08-14 02:31:41.048,Open,"2026-08-13, 2026-08-14",Open,Open,Allowed,Open,Allowed,None,2026-08-13,2026-08-12 22:24:25.314,legacy_price_timestamp,8672ce4b4598d4103e27ea265f93601b58cb4194a511924632dbb4df7c6bde5e,,,,,1.5929683333333333,True,Open,Allowed,None,2026-08-13,2026-08-12 22:24:25.314,legacy_price_timestamp,8672ce4b4598d4103e27ea265f93601b58cb4194a511924632dbb4df7c6bde5e,,,,,1.5929683333333333,True
2026-08-14,17,2026-08-14 01:40:00.081,2026-08-14 22:31:25.772,2026-08-14 02:31:41.048,2026-08-14 22:31:39.108,Open,2026-08-14,17,2026-08-14 01:40:00.081,2026-08-14 22:31:25.772,2026-08-14 02:31:41.048,2026-08-14 22:31:39.108,Open,2026-08-14,17,2026-08-14 01:40:00.081,2026-08-14 22:31:25.772,2026-08-14 02:31:41.048,2026-08-14 22:31:39.108,Open,2026-08-14,Open,Open,Allowed,Open,Allowed,None,2026-08-14,2026-08-13 22:24:28.422,legacy_price_timestamp,6f1472ad9d85362d741ff9bd146b5ba87ba9a5419308af4075402c4bd3af7c4d,,,,,1.592105,True,Open,Allowed,None,2026-08-14,2026-08-13 22:24:28.422,legacy_price_timestamp,6f1472ad9d85362d741ff9bd146b5ba87ba9a5419308af4075402c4bd3af7c4d,,,,,1.592105,True
2026-08-15,17,2026-08-15 00:20:00.006,2026-08-15 23:00:00.020,2026-08-15 02:31:14.777,2026-08-16 02:30:33.607,Open,"2026-08-15, 2026-08-16",17,2026-08-15 00:20:00.006,2026-08-15 23:00:00.020,2026-08-15 02:31:14.777,2026-08-16 02:30:33.607,Open,"2026-08-15, 2026-08-16",17,2026-08-15 00:20:00.006,2026-08-15 23:00:00.020,2026-08-15 02:31:14.777,2026-08-16 02:30:33.607,Open,"2026-08-15, 2026-08-16",Open,Open,Allowed,Open,Allowed,None,2026-08-15,2026-08-14 22:31:25.772,legacy_price_timestamp,a7ed54acf88aac4dd6b546b7140470d275bb59bc2c7791902e17fcfd66602360,,,,,1.4761744444444445,True,Open,Allowed,None,2026-08-15,2026-08-14 22:31:25.772,legacy_price_timestamp,a7ed54acf88aac4dd6b546b7140470d275bb59bc2c7791902e17fcfd66602360,,,,,1.4761744444444445,True
2026-08-16,17,2026-08-16 01:00:00.030,2026-08-16 23:00:00.029,2026-08-16 02:30:33.607,2026-08-17 02:31:26.580,Open,"2026-08-16, 2026-08-17",17,2026-08-16 01:00:00.030,2026-08-16 23:00:00.029,2026-08-16 02:30:33.607,2026-08-17 02:31:26.580,Open,"2026-08-16, 2026-08-17",17,2026-08-16 01:00:00.030,2026-08-16 23:00:00.029,2026-08-16 02:30:33.607,2026-08-17 02:31:26.580,Open,"2026-08-16, 2026-08-17",Open,Open,Allowed,Open,Allowed,None,2026-08-16,2026-08-15 22:30:08.664,legacy_price_timestamp,42a4d2b7f03ecd6a706b1b5354ea41855da2dab50da79fd5747770bc570f6610,,,,,1.4975933333333333,True,Open,Allowed,None,2026-08-16,2026-08-15 22:30:08.664,legacy_price_timestamp,42a4d2b7f03ecd6a706b1b5354ea41855da2dab50da79fd5747770bc570f6610,,,,,1.4975933333333333,True
2026-08-17,17,2026-08-17 01:00:00.034,2026-08-17 23:13:08.229,2026-08-17 02:31:26.580,2026-08-17 23:13:15.634,Open,2026-08-17,17,2026-08-17 01:00:00.034,2026-08-17 23:13:08.229,2026-08-17 02:31:26.580,2026-08-17 23:13:15.634,Open,2026-08-17,17,2026-08-17 01:00:00.034,2026-08-17 23:13:08.229,2026-08-17 02:31:26.580,2026-08-17 23:13:15.634,Open,2026-08-17,Open,Open,Allowed,Open,Allowed,None,2026-08-17,2026-08-16 22:30:09.139,legacy_price_timestamp,c0bcb7922f05a5dc8e53af84dc529a267863d3976a304a3f7564ad73519d3b77,,,,,1.4974613888888888,True,Open,Allowed,None,2026-08-17,2026-08-16 22:30:09.139,legacy_price_timestamp,c0bcb7922f05a5dc8e53af84dc529a267863d3976a304a3f7564ad73519d3b77,,,,,1.4974613888888888,True
2026-08-18,17,2026-08-18 00:00:00.058,2026-08-18 23:12:34.073,2026-08-18 03:15:58.915,2026-08-18 23:13:00.749,Open,2026-08-18,17,2026-08-18 00:00:00.058,2026-08-18 23:12:34.073,2026-08-18 03:15:58.915,2026-08-18 23:13:00.749,Open,2026-08-18,17,2026-08-18 00:00:00.058,2026-08-18 23:12:34.073,2026-08-18 03:15:58.915,2026-08-18 23:13:00.749,Open,2026-08-18,Open,Open,Allowed,Open,Allowed,None,2026-08-18,2026-08-17 23:13:08.229,legacy_price_timestamp,4b2232b6e4c4cead7db1fa9b8949105439256040e4cf5fc0b9446aeba3aa15c3,,,,,0.7810475,True,Open,Allowed,None,2026-08-18,2026-08-17 23:13:08.229,legacy_price_timestamp,4b2232b6e4c4cead7db1fa9b8949105439256040e4cf5fc0b9446aeba3aa15c3,,,,,0.7810475,True
2026-08-19,17,2026-08-19 01:00:00.055,2026-08-19 23:20:00.099,2026-08-19 03:17:10.658,2026-08-20 03:17:14.711,Open,"2026-08-19, 2026-08-20",17,2026-08-19 01:00:00.055,2026-08-19 23:20:00.099,2026-08-19 03:17:10.658,2026-08-20 03:17:14.711,Open,"2026-08-19, 2026-08-20",17,2026-08-19 01:00:00.055,2026-08-19 23:20:00.099,2026-08-19 03:17:10.658,2026-08-20 03:17:14.711,Open,"2026-08-19, 2026-08-20",Open,Open,Allowed,Open,Allowed,None,2026-08-19,2026-08-18 23:12:34.073,legacy_price_timestamp,3e811d412a959077df3c5d3cac8718a9d2d39be81e03ab9ae26359dce3fad7f0,,,,,0.7905352777777778,True,Open,Allowed,None,2026-08-19,2026-08-18 23:12:34.073,legacy_price_timestamp,3e811d412a959077df3c5d3cac8718a9d2d39be81e03ab9ae26359dce3fad7f0,,,,,0.7905352777777778,True
2026-08-20,17,2026-08-20 01:40:00.015,2026-08-20 23:14:11.716,2026-08-20 03:17:14.711,2026-08-20 23:14:43.105,Open,2026-08-20,17,2026-08-20 01:40:00.015,2026-08-20 23:14:11.716,2026-08-20 03:17:14.711,2026-08-20 23:14:43.105,Open,2026-08-20,17,2026-08-20 01:40:00.015,2026-08-20 23:14:11.716,2026-08-20 03:17:14.711,2026-08-20 23:14:43.105,Open,2026-08-20,Open,Open,Allowed,Open,Allowed,None,2026-08-20,2026-08-19 23:15:49.949,legacy_price_timestamp,552a19d23a84af43028d1c955e2f7dfa61c50db6009e52e75918d5b2b66f4b3c,,,,,0.7361252777777778,True,Open,Allowed,None,2026-08-20,2026-08-19 23:15:49.949,legacy_price_timestamp,552a19d23a84af43028d1c955e2f7dfa61c50db6009e52e75918d5b2b66f4b3c,,,,,0.7361252777777778,True
2026-08-21,16,2026-08-21 01:00:00.054,2026-08-21 23:00:00.016,2026-08-21 03:15:38.594,2026-08-22 00:03:22.434,Open,"2026-08-21, 2026-08-22",16,2026-08-21 01:00:00.054,2026-08-21 23:00:00.016,2026-08-21 03:15:38.594,2026-08-22 00:03:22.434,Open,"2026-08-21, 2026-08-22",16,2026-08-21 01:00:00.054,2026-08-21 23:00:00.016,2026-08-21 03:15:38.594,2026-08-22 00:03:22.434,Open,"2026-08-21, 2026-08-22",Open,Open,Allowed,Open,Allowed,None,2026-08-21,2026-08-20 23:14:11.716,legacy_price_timestamp,a7129fb3a373dfacc40decaec2c3c2c71fea32663e230f8f01ce1c35ccb7efcc,,,,,0.7634122222222223,True,Open,Allowed,None,2026-08-21,2026-08-20 23:14:11.716,legacy_price_timestamp,a7129fb3a373dfacc40decaec2c3c2c71fea32663e230f8f01ce1c35ccb7efcc,,,,,0.7634122222222223,True
2026-08-22,17,2026-08-22 00:03:02.072,2026-08-22 23:20:00.054,2026-08-22 00:03:22.434,2026-08-23 00:03:14.152,Open,"2026-08-22, 2026-08-23",17,2026-08-22 00:03:02.072,2026-08-22 23:20:00.054,2026-08-22 00:03:22.434,2026-08-23 00:03:14.152,Open,"2026-08-22, 2026-08-23",17,2026-08-22 00:03:02.072,2026-08-22 23:20:00.054,2026-08-22 00:03:22.434,2026-08-23 00:03:14.152,Open,"2026-08-22, 2026-08-23",Open,Open,Allowed,Open,Allowed,None,2026-08-22,2026-08-21 20:02:51.482,legacy_price_timestamp,17dabc5d579b4d95ddb6774470a3359b322361beacb2f7498296623a5ec33d8b,,,,,3.952366111111111,True,Open,Allowed,None,2026-08-22,2026-08-21 20:02:51.482,legacy_price_timestamp,17dabc5d579b4d95ddb6774470a3359b322361beacb2f7498296623a5ec33d8b,,,,,3.952366111111111,True
2026-08-23,17,2026-08-23 00:02:49.840,2026-08-23 22:40:00.038,2026-08-23 00:03:14.152,2026-08-24 00:03:08.122,Open,"2026-08-23, 2026-08-24",17,2026-08-23 00:02:49.840,2026-08-23 22:40:00.038,2026-08-23 00:03:14.152,2026-08-24 00:03:08.122,Open,"2026-08-23, 2026-08-24",17,2026-08-23 00:02:49.840,2026-08-23 22:40:00.038,2026-08-23 00:03:14.152,2026-08-24 00:03:08.122,Open,"2026-08-23, 2026-08-24",Open,Open,Allowed,Open,Allowed,None,2026-08-23,2026-08-22 20:02:27.403,legacy_price_timestamp,8b753d6e92716a486cd1a93dee31f32c0fab71903b91fc7fb4ab0dfeeaa8bbcf,,,,,3.959054722222222,True,Open,Allowed,None,2026-08-23,2026-08-22 20:02:27.403,legacy_price_timestamp,8b753d6e92716a486cd1a93dee31f32c0fab71903b91fc7fb4ab0dfeeaa8bbcf,,,,,3.959054722222222,True
2026-08-24,17,2026-08-24 00:03:06.589,2026-08-24 23:40:00.043,2026-08-24 00:03:08.122,2026-08-25 02:05:36.479,Open,"2026-08-24, 2026-08-25",17,2026-08-24 00:03:06.589,2026-08-24 23:40:00.043,2026-08-24 00:03:08.122,2026-08-25 02:05:36.479,Open,"2026-08-24, 2026-08-25",17,2026-08-24 00:03:06.589,2026-08-24 23:40:00.043,2026-08-24 00:03:08.122,2026-08-25 02:05:36.479,Open,"2026-08-24, 2026-08-25",Open,Open,Allowed,Open,Allowed,None,2026-08-24,2026-08-23 20:03:03.042,legacy_price_timestamp,9245887a68d355884d02867704fe84b6b3c25a9a9648ddad1b29e0635d6d7f28,,,,,3.949155,True,Open,Allowed,None,2026-08-24,2026-08-23 20:03:03.042,legacy_price_timestamp,9245887a68d355884d02867704fe84b6b3c25a9a9648ddad1b29e0635d6d7f28,,,,,3.949155,True
2026-08-25,17,2026-08-25 01:40:00.053,2026-08-25 23:20:00.028,2026-08-25 02:05:36.479,2026-08-26 02:21:18.391,Open,"2026-08-25, 2026-08-26",17,2026-08-25 01:40:00.053,2026-08-25 23:20:00.028,2026-08-25 02:05:36.479,2026-08-26 02:21:18.391,Open,"2026-08-25, 2026-08-26",17,2026-08-25 01:40:00.053,2026-08-25 23:20:00.028,2026-08-25 02:05:36.479,2026-08-26 02:21:18.391,Open,"2026-08-25, 2026-08-26",Open,Open,Allowed,Open,Allowed,None,2026-08-25,2026-08-24 22:15:27.079,legacy_price_timestamp,2934d428de7a81180c2dd16b8ab76fc4c561e4f7b6c56459f490e0475c4677d7,,,,,1.7424780555555557,True,Open,Allowed,None,2026-08-25,2026-08-24 22:15:27.079,legacy_price_timestamp,2934d428de7a81180c2dd16b8ab76fc4c561e4f7b6c56459f490e0475c4677d7,,,,,1.7424780555555557,True
2026-08-26,17,2026-08-26 01:20:00.038,2026-08-26 22:41:02.382,2026-08-26 02:21:18.391,2026-08-26 22:41:03.959,Open,2026-08-26,17,2026-08-26 01:20:00.038,2026-08-26 22:41:02.382,2026-08-26 02:21:18.391,2026-08-26 22:41:03.959,Open,2026-08-26,17,2026-08-26 01:20:00.038,2026-08-26 22:41:02.382,2026-08-26 02:21:18.391,2026-08-26 22:41:03.959,Open,2026-08-26,Open,Open,Allowed,Open,Allowed,None,2026-08-26,2026-08-25 22:28:26.670,legacy_price_timestamp,6b3cce7ec959292cc37c44dedb79478fb973ce33693c7dd221c9e9af02bb87a2,,,,,1.525925,True,Open,Allowed,None,2026-08-26,2026-08-25 22:28:26.670,legacy_price_timestamp,6b3cce7ec959292cc37c44dedb79478fb973ce33693c7dd221c9e9af02bb87a2,,,,,1.525925,True
2026-08-27,18,2026-08-27 00:20:00.087,2026-08-27 23:16:48.503,2026-08-27 02:44:55.932,2026-08-27 23:16:49.959,Open,2026-08-27,18,2026-08-27 00:20:00.087,2026-08-27 23:16:48.503,2026-08-27 02:44:55.932,2026-08-27 23:16:49.959,Open,2026-08-27,18,2026-08-27 00:20:00.087,2026-08-27 23:16:48.503,2026-08-27 02:44:55.932,2026-08-27 23:16:49.959,Open,2026-08-27,Open,Open,Allowed,Open,Allowed,None,2026-08-27,2026-08-26 22:41:02.382,legacy_price_timestamp,33be736ee159b7d5587b3639613b1bfad70090fe5e89fc0a4fb7217318a2e63a,,,,,1.316005,True,Open,Allowed,None,2026-08-27,2026-08-26 22:41:02.382,legacy_price_timestamp,33be736ee159b7d5587b3639613b1bfad70090fe5e89fc0a4fb7217318a2e63a,,,,,1.316005,True
2026-08-28,20,2026-08-28 00:00:00.079,2026-08-28 23:39:42.121,2026-08-28 03:21:06.710,2026-08-28 23:40:01.421,Open,2026-08-28,20,2026-08-28 00:00:00.079,2026-08-28 23:39:42.121,2026-08-28 03:21:06.710,2026-08-28 23:40:01.421,Open,2026-08-28,20,2026-08-28 00:00:00.079,2026-08-28 23:39:42.121,2026-08-28 03:21:06.710,2026-08-28 23:40:01.421,Open,2026-08-28,Open,Open,Allowed,Open,Allowed,None,2026-08-28,2026-08-27 23:16:48.503,legacy_price_timestamp,4fe188e925e15d2c1ccd0ed4dfdc273ff7f77c9198d64aae3f2820ab37884854,,,,,0.7198602777777777,True,Open,Allowed,None,2026-08-28,2026-08-27 23:16:48.503,legacy_price_timestamp,4fe188e925e15d2c1ccd0ed4dfdc273ff7f77c9198d64aae3f2820ab37884854,,,,,0.7198602777777777,True
2026-08-29,16,2026-08-29 00:40:00.040,2026-08-29 21:40:00.052,2026-08-29 03:41:39.336,2026-08-30 00:25:18.827,Open,"2026-08-29, 2026-08-30",16,2026-08-29 00:40:00.040,2026-08-29 21:40:00.052,2026-08-29 03:41:39.336,2026-08-30 00:25:18.827,Open,"2026-08-29, 2026-08-30",16,2026-08-29 00:40:00.040,2026-08-29 21:40:00.052,2026-08-29 03:41:39.336,2026-08-30 00:25:18.827,Open,"2026-08-29, 2026-08-30",Open,Open,Allowed,Open,Allowed,None,2026-08-29,2026-08-28 23:39:42.121,legacy_price_timestamp,2ac2b2c1c06dfa99c57dea32688c0de536d57915458a7c42cf5a2007228177e9,,,,,0.3382997222222222,True,Open,Allowed,None,2026-08-29,2026-08-28 23:39:42.121,legacy_price_timestamp,2ac2b2c1c06dfa99c57dea32688c0de536d57915458a7c42cf5a2007228177e9,,,,,0.3382997222222222,True
2026-08-30,19,2026-08-30 00:00:00.065,2026-08-30 23:40:00.055,2026-08-30 00:25:18.827,2026-08-31 01:18:20.185,Open,"2026-08-30, 2026-08-31",19,2026-08-30 00:00:00.065,2026-08-30 23:40:00.055,2026-08-30 00:25:18.827,2026-08-31 01:18:20.185,Open,"2026-08-30, 2026-08-31",19,2026-08-30 00:00:00.065,2026-08-30 23:40:00.055,2026-08-30 00:25:18.827,2026-08-31 01:18:20.185,Open,"2026-08-30, 2026-08-31",Open,Open,Allowed,Open,Allowed,None,2026-08-30,2026-08-29 20:13:07.565,legacy_price_timestamp,9ce308b22abd618a1ba46ed6191297a7a279e487bb4c47afd4a5ec978d1f2e77,,,,,3.7812319444444444,True,Open,Allowed,None,2026-08-30,2026-08-29 20:13:07.565,legacy_price_timestamp,9ce308b22abd618a1ba46ed6191297a7a279e487bb4c47afd4a5ec978d1f2e77,,,,,3.7812319444444444,True
2026-08-31,21,2026-08-31 01:17:57.798,2026-08-31 23:20:00.045,2026-08-31 01:18:20.185,2026-09-01 01:50:41.731,Open,"2026-08-31, 2026-09-01",21,2026-08-31 01:17:57.798,2026-08-31 23:20:00.045,2026-08-31 01:18:20.185,2026-09-01 01:50:41.731,Open,"2026-08-31, 2026-09-01",21,2026-08-31 01:17:57.798,2026-08-31 23:20:00.045,2026-08-31 01:18:20.185,2026-09-01 01:50:41.731,Open,"2026-08-31, 2026-09-01",Open,Open,Allowed,Open,Allowed,None,2026-08-31,2026-08-30 21:05:33.383,legacy_price_timestamp,c0467b45aa331d088d985335ebef4e535c9e4fec3ab51485cd825f929b5a9f08,,,,,2.907393611111111,True,Open,Allowed,None,2026-08-31,2026-08-30 21:05:33.383,legacy_price_timestamp,c0467b45aa331d088d985335ebef4e535c9e4fec3ab51485cd825f929b5a9f08,,,,,2.907393611111111,True
2026-09-01,18,2026-09-01 01:20:00.057,2026-09-01 22:40:00.054,2026-09-01 01:50:41.731,2026-09-02 01:49:20.326,Open,"2026-09-01, 2026-09-02",18,2026-09-01 01:20:00.057,2026-09-01 22:40:00.054,2026-09-01 01:50:41.731,2026-09-02 01:49:20.326,Open,"2026-09-01, 2026-09-02",18,2026-09-01 01:20:00.057,2026-09-01 22:40:00.054,2026-09-01 01:50:41.731,2026-09-02 01:49:20.326,Open,"2026-09-01, 2026-09-02",Open,Open,Allowed,Open,Allowed,None,2026-09-01,2026-08-31 21:39:22.060,legacy_price_timestamp,331750f7c24c9e90c2fa34dac4bac3ff22149418d5235a4a77d9f8facfcd2e5d,,,,,2.3438722222222226,True,Open,Allowed,None,2026-09-01,2026-08-31 21:39:22.060,legacy_price_timestamp,331750f7c24c9e90c2fa34dac4bac3ff22149418d5235a4a77d9f8facfcd2e5d,,,,,2.3438722222222226,True
2026-09-02,17,2026-09-02 01:00:00.015,2026-09-02 23:20:00.055,2026-09-02 01:49:20.326,2026-09-03 02:19:15.350,Open,"2026-09-02, 2026-09-03",17,2026-09-02 01:00:00.015,2026-09-02 23:20:00.055,2026-09-02 01:49:20.326,2026-09-03 02:19:15.350,Open,"2026-09-02, 2026-09-03",17,2026-09-02 01:00:00.015,2026-09-02 23:20:00.055,2026-09-02 01:49:20.326,2026-09-03 02:19:15.350,Open,"2026-09-02, 2026-09-03",Open,Open,Allowed,Open,Allowed,None,2026-09-02,2026-09-01 21:38:32.328,legacy_price_timestamp,58cd2dfbbedd1a705d6b632a03be20996a9d1f8e872a51f446bdf33349089c1a,,,,,2.357686666666667,True,Open,Allowed,None,2026-09-02,2026-09-01 21:38:32.328,legacy_price_timestamp,58cd2dfbbedd1a705d6b632a03be20996a9d1f8e872a51f446bdf33349089c1a,,,,,2.357686666666667,True
2026-09-03,17,2026-09-03 01:40:00.031,2026-09-03 22:20:00.064,2026-09-03 02:19:15.350,2026-09-04 01:19:22.038,Open,"2026-09-03, 2026-09-04",17,2026-09-03 01:40:00.031,2026-09-03 22:20:00.064,2026-09-03 02:19:15.350,2026-09-04 01:19:22.038,Open,"2026-09-03, 2026-09-04",17,2026-09-03 01:40:00.031,2026-09-03 22:20:00.064,2026-09-03 02:19:15.350,2026-09-04 01:19:22.038,Open,"2026-09-03, 2026-09-04",Open,Open,Allowed,Open,Allowed,None,2026-09-03,2026-09-02 15:49:28.018,legacy_price_timestamp,1e89dfb07594527ecfdacc0d03d9dd2845df9ad23e5d8e734540216879bf710c,,,,,8.175550555555555,True,Open,Allowed,None,2026-09-03,2026-09-02 15:49:28.018,legacy_price_timestamp,1e89dfb07594527ecfdacc0d03d9dd2845df9ad23e5d8e734540216879bf710c,,,,,8.175550555555555,True
2026-09-04,23,2026-09-04 00:40:00.021,2026-09-04 23:40:00.058,2026-09-04 01:19:22.038,2026-09-05 00:29:42.884,Open,"2026-09-04, 2026-09-05",23,2026-09-04 00:40:00.021,2026-09-04 23:40:00.058,2026-09-04 01:19:22.038,2026-09-05 00:29:42.884,Open,"2026-09-04, 2026-09-05",23,2026-09-04 00:40:00.021,2026-09-04 23:40:00.058,2026-09-04 01:19:22.038,2026-09-05 00:29:42.884,Open,"2026-09-04, 2026-09-05",Open,Open,Allowed,Open,Allowed,None,2026-09-04,2026-09-03 20:46:56.941,legacy_price_timestamp,a5faaafe32cfb91f2bfd085fe9569af9c2cf2e888c28075910b6f0d2042de77c,,,,,3.217516388888889,True,Open,Allowed,None,2026-09-04,2026-09-03 20:46:56.941,legacy_price_timestamp,a5faaafe32cfb91f2bfd085fe9569af9c2cf2e888c28075910b6f0d2042de77c,,,,,3.217516388888889,True
2026-09-05,15,2026-09-05 00:29:26.512,2026-09-05 21:40:00.131,2026-09-05 00:29:42.884,2026-09-06 00:11:06.953,Open,"2026-09-05, 2026-09-06",15,2026-09-05 00:29:26.512,2026-09-05 21:40:00.131,2026-09-05 00:29:42.884,2026-09-06 00:11:06.953,Open,"2026-09-05, 2026-09-06",15,2026-09-05 00:29:26.512,2026-09-05 21:40:00.131,2026-09-05 00:29:42.884,2026-09-06 00:11:06.953,Open,"2026-09-05, 2026-09-06",Open,Open,Allowed,Open,Allowed,None,2026-09-05,2026-09-04 20:16:24.466,legacy_price_timestamp,51eaa98a3100e536d8308faf52f79588adcbfbb373bf9b65baf68847b0157cea,,,,,3.726537222222222,True,Open,Allowed,None,2026-09-05,2026-09-04 20:16:24.466,legacy_price_timestamp,51eaa98a3100e536d8308faf52f79588adcbfbb373bf9b65baf68847b0157cea,,,,,3.726537222222222,True
2026-09-06,20,2026-09-06 00:00:00.016,2026-09-06 23:39:30.967,2026-09-06 00:11:06.953,2026-09-06 23:39:32.416,Open,2026-09-06,20,2026-09-06 00:00:00.016,2026-09-06 23:39:30.967,2026-09-06 00:11:06.953,2026-09-06 23:39:32.416,Open,2026-09-06,20,2026-09-06 00:00:00.016,2026-09-06 23:39:30.967,2026-09-06 00:11:06.953,2026-09-06 23:39:32.416,Open,2026-09-06,Open,Open,Allowed,Open,Allowed,None,2026-09-06,2026-09-05 19:44:22.081,legacy_price_timestamp,2853967972d84154a4c4810c6f0b3c8a200d503cc99020b4f7b48ae4784e61e7,,,,,4.260533055555555,True,Open,Allowed,None,2026-09-06,2026-09-05 19:44:22.081,legacy_price_timestamp,2853967972d84154a4c4810c6f0b3c8a200d503cc99020b4f7b48ae4784e61e7,,,,,4.260533055555555,True
2026-09-07,17,2026-09-07 00:00:00.041,2026-09-07 23:11:49.658,2026-09-07 04:20:35.062,2026-09-07 23:11:51.001,Open,2026-09-07,17,2026-09-07 00:00:00.041,2026-09-07 23:11:49.658,2026-09-07 04:20:35.062,2026-09-07 23:11:51.001,Open,2026-09-07,17,2026-09-07 00:00:00.041,2026-09-07 23:11:49.658,2026-09-07 04:20:35.062,2026-09-07 23:11:51.001,Open,2026-09-07,Open,Open,Allowed,Open,Allowed,None,2026-09-07,2026-09-06 23:39:30.967,legacy_price_timestamp,5a87770dba09cf0bb5f466fb673698ddd62a0939d1bc7de588b4ec878957295a,,,,,0.3413980555555555,True,Open,Allowed,None,2026-09-07,2026-09-06 23:39:30.967,legacy_price_timestamp,5a87770dba09cf0bb5f466fb673698ddd62a0939d1bc7de588b4ec878957295a,,,,,0.3413980555555555,True
2026-09-08,17,2026-09-08 00:40:00.053,2026-09-08 22:40:00.041,2026-09-08 03:32:42.757,2026-09-09 04:06:50.358,Open,"2026-09-08, 2026-09-09",17,2026-09-08 00:40:00.053,2026-09-08 22:40:00.041,2026-09-08 03:32:42.757,2026-09-09 04:06:50.358,Open,"2026-09-08, 2026-09-09",17,2026-09-08 00:40:00.053,2026-09-08 22:40:00.041,2026-09-08 03:32:42.757,2026-09-09 04:06:50.358,Open,"2026-09-08, 2026-09-09",Open,Open,Allowed,Open,Allowed,None,2026-09-08,2026-09-07 23:11:49.658,legacy_price_timestamp,c67ef31e288bec5190e9ef00d0f9e582c72cab50ebd859fec2b0de47bd146c1a,,,,,0.8028727777777778,True,Open,Allowed,None,2026-09-08,2026-09-07 23:11:49.658,legacy_price_timestamp,c67ef31e288bec5190e9ef00d0f9e582c72cab50ebd859fec2b0de47bd146c1a,,,,,0.8028727777777778,True
2026-09-09,17,2026-09-09 01:00:00.108,2026-09-09 22:20:00.021,2026-09-09 04:06:50.358,2026-09-10 02:44:47.657,Open,"2026-09-09, 2026-09-10",17,2026-09-09 01:00:00.108,2026-09-09 22:20:00.021,2026-09-09 04:06:50.358,2026-09-10 02:44:47.657,Open,"2026-09-09, 2026-09-10",17,2026-09-09 01:00:00.108,2026-09-09 22:20:00.021,2026-09-09 04:06:50.358,2026-09-10 02:44:47.657,Open,"2026-09-09, 2026-09-10",Open,Open,Allowed,Open,Allowed,None,2026-09-09,2026-09-08 22:07:14.421,legacy_price_timestamp,9c27ed81c595ff2efdd4632d9e8e938c8cb29952aa8b92fb0bd62bd4158b196e,,,,,1.8793274999999998,True,Open,Allowed,None,2026-09-09,2026-09-08 22:07:14.421,legacy_price_timestamp,9c27ed81c595ff2efdd4632d9e8e938c8cb29952aa8b92fb0bd62bd4158b196e,,,,,1.8793274999999998,True
2026-09-10,21,2026-09-10 00:40:00.011,2026-09-10 23:00:00.007,2026-09-10 02:44:47.657,2026-09-11 00:29:41.162,Open,"2026-09-10, 2026-09-11",21,2026-09-10 00:40:00.011,2026-09-10 23:00:00.007,2026-09-10 02:44:47.657,2026-09-11 00:29:41.162,Open,"2026-09-10, 2026-09-11",21,2026-09-10 00:40:00.011,2026-09-10 23:00:00.007,2026-09-10 02:44:47.657,2026-09-11 00:29:41.162,Open,"2026-09-10, 2026-09-11",Open,Open,Allowed,Open,Allowed,None,2026-09-10,2026-09-09 21:34:53.829,legacy_price_timestamp,c839454e5e31b9ce68c173b4838ee3cd4c8677c2ff4566ea3923cb28317106f9,,,,,2.4183808333333334,True,Open,Allowed,None,2026-09-10,2026-09-09 21:34:53.829,legacy_price_timestamp,c839454e5e31b9ce68c173b4838ee3cd4c8677c2ff4566ea3923cb28317106f9,,,,,2.4183808333333334,True
2026-09-11,19,2026-09-11 00:29:39.739,2026-09-11 22:28:15.940,2026-09-11 00:29:41.162,2026-09-11 22:28:37.308,Open,2026-09-11,19,2026-09-11 00:29:39.739,2026-09-11 22:28:15.940,2026-09-11 00:29:41.162,2026-09-11 22:28:37.308,Open,2026-09-11,19,2026-09-11 00:29:39.739,2026-09-11 22:28:15.940,2026-09-11 00:29:41.162,2026-09-11 22:28:37.308,Open,2026-09-11,Open,Open,Allowed,Open,Allowed,None,2026-09-11,2026-09-10 20:33:48.430,legacy_price_timestamp,bddea214264ac64e1bd882fbd8f344e0fa9e30d2184803d0b717c7f72241fa1a,,,,,3.436547222222222,True,Open,Allowed,None,2026-09-11,2026-09-10 20:33:48.430,legacy_price_timestamp,bddea214264ac64e1bd882fbd8f344e0fa9e30d2184803d0b717c7f72241fa1a,,,,,3.436547222222222,True
2026-09-12,16,2026-09-12 00:40:00.054,2026-09-12 22:00:00.013,2026-09-12 02:43:13.229,2026-09-13 00:48:33.393,Open,"2026-09-12, 2026-09-13",16,2026-09-12 00:40:00.054,2026-09-12 22:00:00.013,2026-09-12 02:43:13.229,2026-09-13 00:48:33.393,Open,"2026-09-12, 2026-09-13",16,2026-09-12 00:40:00.054,2026-09-12 22:00:00.013,2026-09-12 02:43:13.229,2026-09-13 00:48:33.393,Open,"2026-09-12, 2026-09-13",Open,Open,Allowed,Open,Allowed,None,2026-09-12,2026-09-11 22:28:15.940,legacy_price_timestamp,88e7bdbfbbc4428082116b37832b04127c17db011f0f2ca96b4d02b2f6705b84,,,,,1.5289055555555557,True,Open,Allowed,None,2026-09-12,2026-09-11 22:28:15.940,legacy_price_timestamp,88e7bdbfbbc4428082116b37832b04127c17db011f0f2ca96b4d02b2f6705b84,,,,,1.5289055555555557,True
2026-09-13,19,2026-09-13 00:00:00.049,2026-09-13 22:27:33.550,2026-09-13 00:48:33.393,2026-09-13 22:27:35.005,Open,2026-09-13,19,2026-09-13 00:00:00.049,2026-09-13 22:27:33.550,2026-09-13 00:48:33.393,2026-09-13 22:27:35.005,Open,2026-09-13,19,2026-09-13 00:00:00.049,2026-09-13 22:27:33.550,2026-09-13 00:48:33.393,2026-09-13 22:27:35.005,Open,2026-09-13,Open,Open,Allowed,Open,Allowed,None,2026-09-13,2026-09-12 20:14:30.257,legacy_price_timestamp,f8a8c097ff1a03298d160e2b71ae7fbe8d070f1c66d5788c909e23b7130f75e5,,,,,3.7582619444444445,True,Open,Allowed,None,2026-09-13,2026-09-12 20:14:30.257,legacy_price_timestamp,f8a8c097ff1a03298d160e2b71ae7fbe8d070f1c66d5788c909e23b7130f75e5,,,,,3.7582619444444445,True
2026-09-14,19,2026-09-14 00:40:00.002,2026-09-14 23:20:00.029,2026-09-14 02:58:21.403,2026-09-15 02:45:06.544,Open,"2026-09-14, 2026-09-15",10,2026-09-14 00:40:00.002,2026-09-14 23:20:00.029,2026-09-14 02:58:21.403,2026-10-05 22:50:50.271,Open,"2026-09-14, 2026-10-05",19,2026-09-14 00:40:00.002,2026-09-14 23:20:00.029,2026-09-14 02:58:21.403,2026-10-05 22:50:50.271,Open,"2026-09-14, 2026-09-15, 2026-10-05",Open,Open,Allowed,Open,Allowed,None,2026-09-14,2026-09-13 22:27:33.550,legacy_price_timestamp,71ab9be2558b4f6abf103bf14169bc3bf3765d764ad819d6a37bb74131b68052,,,,,1.5406805555555556,True,Open,Allowed,None,2026-09-14,2026-09-13 22:27:33.550,legacy_price_timestamp,71ab9be2558b4f6abf103bf14169bc3bf3765d764ad819d6a37bb74131b68052,,,,,1.5406805555555556,True
2026-09-15,19,2026-09-15 01:20:00.052,2026-09-15 23:05:35.330,2026-09-15 02:45:06.544,2026-09-15 23:05:37.042,Open,2026-09-15,1,2026-09-15 22:40:00.054,2026-09-15 22:40:00.054,2026-10-05 22:50:50.271,2026-10-05 22:50:50.271,Open,2026-10-05,19,2026-09-15 01:20:00.052,2026-09-15 23:05:35.330,2026-09-15 02:45:06.544,2026-10-05 22:50:50.271,Open,"2026-09-15, 2026-10-05",Open,Open,Allowed,Open,Allowed,None,2026-09-15,2026-09-14 20:19:08.668,legacy_price_timestamp,f50a611239fb270b4dbe03f0e64b23638d3147517c12f164d1fadf0f1a29a084,,,,,3.6809255555555556,True,Open,Allowed,None,2026-09-15,2026-09-14 20:19:08.668,legacy_price_timestamp,f50a611239fb270b4dbe03f0e64b23638d3147517c12f164d1fadf0f1a29a084,,,,,3.6809255555555556,True
2026-09-16,17,2026-09-16 00:40:00.054,2026-09-16 23:20:00.118,2026-09-16 03:22:20.257,2026-09-17 01:08:41.568,Open,"2026-09-16, 2026-09-17",1,2026-09-16 23:20:00.118,2026-09-16 23:20:00.118,2026-10-05 22:50:50.271,2026-10-05 22:50:50.271,Open,2026-10-05,17,2026-09-16 00:40:00.054,2026-09-16 23:20:00.118,2026-09-16 03:22:20.257,2026-10-05 22:50:50.271,Open,"2026-09-16, 2026-09-17, 2026-10-05",Open,Open,Allowed,Open,Allowed,None,2026-09-16,2026-09-15 23:05:35.330,legacy_price_timestamp,984856e866239396284bf3801d0b8973df166d5ecab262d45f1b084158ffb908,,,,,0.9068527777777778,True,Open,Allowed,None,2026-09-16,2026-09-15 23:05:35.330,legacy_price_timestamp,984856e866239396284bf3801d0b8973df166d5ecab262d45f1b084158ffb908,,,,,0.9068527777777778,True
2026-09-17,21,2026-09-17 01:08:40.102,2026-09-17 22:40:00.070,2026-09-17 01:08:41.568,2026-09-18 00:54:59.926,Open,"2026-09-17, 2026-09-18",1,2026-09-17 22:40:00.070,2026-09-17 22:40:00.070,2026-10-05 22:50:50.271,2026-10-05 22:50:50.271,Open,2026-10-05,21,2026-09-17 01:08:40.102,2026-09-17 22:40:00.070,2026-09-17 01:08:41.568,2026-10-05 22:50:50.271,Open,"2026-09-17, 2026-09-18, 2026-10-05",Open,Open,Allowed,Open,Allowed,None,2026-09-17,2026-09-16 20:03:32.433,legacy_price_timestamp,2b3d2cbc1cb3961151a1d55caf1fd83f320eb6f97d321d36bc52e9ada573266f,,,,,3.940990833333333,True,Open,Allowed,None,2026-09-17,2026-09-16 20:03:32.433,legacy_price_timestamp,2b3d2cbc1cb3961151a1d55caf1fd83f320eb6f97d321d36bc52e9ada573266f,,,,,3.940990833333333,True
2026-09-18,22,2026-09-18 00:54:58.354,2026-09-18 22:34:28.282,2026-09-18 00:54:59.926,2026-09-19 01:42:33.679,Open,"2026-09-18, 2026-09-19",1,2026-09-18 22:34:28.282,2026-09-18 22:34:28.282,2026-10-05 22:50:50.271,2026-10-05 22:50:50.271,Open,2026-10-05,22,2026-09-18 00:54:58.354,2026-09-18 22:34:28.282,2026-09-18 00:54:59.926,2026-10-05 22:50:50.271,Open,"2026-09-18, 2026-10-05",Unknown,Open,Allowed,Open,Allowed,None,2026-09-18,2026-09-17 20:17:20.807,legacy_price_timestamp,faa6623e033c359e769c1a7fed472e1c6b67c2b747e8b5b20d6193ec3e49be07,,,,,3.7108869444444443,True,Open,Allowed,None,2026-09-18,2026-09-17 20:17:20.807,legacy_price_timestamp,faa6623e033c359e769c1a7fed472e1c6b67c2b747e8b5b20d6193ec3e49be07,,,,,3.7108869444444443,True
2026-09-19,25,2026-09-19 00:40:00.030,2026-09-19 22:00:00.034,2026-09-19 01:42:33.679,2026-09-20 03:51:19.791,Open,"2026-09-19, 2026-09-20",1,2026-09-19 22:00:00.034,2026-09-19 22:00:00.034,2026-10-05 22:50:50.271,2026-10-05 22:50:50.271,Open,2026-10-05,25,2026-09-19 00:40:00.030,2026-09-19 22:00:00.034,2026-09-19 01:42:33.679,2026-10-05 22:50:50.271,Open,"2026-09-19, 2026-09-20, 2026-10-05",Unknown,Open,Allowed,Open,Allowed,None,2026-09-19,2026-09-18 22:00:33.173,legacy_price_timestamp,37580779240086cc3ad5d0121aef50e0b8d4387f9c9f0c054b0a5a31a7714f1a,,,,,1.990785277777778,True,Open,Allowed,None,2026-09-19,2026-09-18 22:00:33.173,legacy_price_timestamp,37580779240086cc3ad5d0121aef50e0b8d4387f9c9f0c054b0a5a31a7714f1a,,,,,1.990785277777778,True
2026-09-20,22,2026-09-20 00:00:00.057,2026-09-20 22:20:00.022,2026-09-20 03:51:19.791,2026-09-21 11:48:02.468,Open,"2026-09-20, 2026-09-21",1,2026-09-20 22:20:00.022,2026-09-20 22:20:00.022,2026-10-05 22:50:50.271,2026-10-05 22:50:50.271,Open,2026-10-05,22,2026-09-20 00:00:00.057,2026-09-20 22:20:00.022,2026-09-20 03:51:19.791,2026-10-05 22:50:50.271,Open,"2026-09-20, 2026-09-21, 2026-10-05",Unknown,Open,Allowed,Open,Allowed,None,2026-09-20,2026-09-19 19:18:42.377,legacy_price_timestamp,6999bfdbf76749b0f5188a955be34c6d66a840bd3fdcd2443d6c9c5c366cbcec,,,,,4.688228611111111,True,Open,Allowed,None,2026-09-20,2026-09-19 19:18:42.377,legacy_price_timestamp,6999bfdbf76749b0f5188a955be34c6d66a840bd3fdcd2443d6c9c5c366cbcec,,,,,4.688228611111111,True
2026-09-21,25,2026-09-21 00:08:13.897,2026-09-21 23:00:00.034,2026-09-21 11:48:02.468,2026-09-22 01:38:11.434,Open and Closed,"2026-09-21, 2026-09-22",1,2026-09-21 23:00:00.034,2026-09-21 23:00:00.034,2026-10-05 22:50:50.271,2026-10-05 22:50:50.271,Open,2026-10-05,25,2026-09-21 00:08:13.897,2026-09-21 23:00:00.034,2026-09-21 11:48:02.468,2026-10-05 22:50:50.271,Open and Closed,"2026-09-21, 2026-10-05",Unknown,Open,Allowed,Open,Allowed,None,2026-09-21,2026-09-20 18:51:40.208,legacy_price_timestamp,7c904d922a8929f3c0460ce4abf01c29195d68b8aafb846d0bc444989fb440e3,,,,,5.138831111111111,True,Open,Allowed,None,2026-09-21,2026-09-20 18:51:40.208,legacy_price_timestamp,7c904d922a8929f3c0460ce4abf01c29195d68b8aafb846d0bc444989fb440e3,,,,,5.138831111111111,True
2026-09-22,23,2026-09-22 01:00:00.043,2026-09-22 23:17:17.818,2026-09-22 01:38:11.434,2026-09-23 00:27:47.316,Closed,"2026-09-22, 2026-09-23",1,2026-09-22 23:17:17.818,2026-09-22 23:17:17.818,2026-10-05 22:50:50.271,2026-10-05 22:50:50.271,Open,2026-10-05,23,2026-09-22 01:00:00.043,2026-09-22 23:17:17.818,2026-09-22 01:38:11.434,2026-10-05 22:50:50.271,Closed,"2026-09-22, 2026-09-23, 2026-10-05",Unknown,Closed,Blocked,Closed,Blocked,DepositBlockReason.vault_deposits_closed,2026-09-22,2026-09-21 21:05:07.848,legacy_price_timestamp,65498f7e70efb47ebb03658ac21cb6356b292df88641fba3783284b7d2162e0a,,,Vault deposits disabled by leader,,2.914486666666667,True,Closed,Blocked,DepositBlockReason.vault_deposits_closed,2026-09-22,2026-09-21 21:05:07.848,legacy_price_timestamp,65498f7e70efb47ebb03658ac21cb6356b292df88641fba3783284b7d2162e0a,,,Vault deposits disabled by leader,,2.914486666666667,True
2026-09-23,20,2026-09-23 00:27:45.807,2026-09-23 21:40:00.053,2026-09-23 00:27:47.316,2026-09-24 00:33:19.884,Closed,"2026-09-23, 2026-09-24",1,2026-09-23 21:40:00.053,2026-09-23 21:40:00.053,2026-10-05 22:50:50.271,2026-10-05 22:50:50.271,Open,2026-10-05,20,2026-09-23 00:27:45.807,2026-09-23 21:40:00.053,2026-09-23 00:27:47.316,2026-10-05 22:50:50.271,Closed,"2026-09-23, 2026-10-05",Unknown,Closed,Blocked,Closed,Blocked,DepositBlockReason.vault_deposits_closed,2026-09-23,2026-09-22 19:45:58.485,legacy_price_timestamp,787f85fc6fc7cc4ef25aa6bdb73301a675a2f5e0694be8e951517ed0aaaafcf3,,,Vault deposits disabled by leader,,4.2337541666666665,True,Closed,Blocked,DepositBlockReason.vault_deposits_closed,2026-09-23,2026-09-22 19:45:58.485,legacy_price_timestamp,787f85fc6fc7cc4ef25aa6bdb73301a675a2f5e0694be8e951517ed0aaaafcf3,,,Vault deposits disabled by leader,,4.2337541666666665,True
2026-09-24,20,2026-09-24 00:00:00.045,2026-09-24 22:40:00.056,2026-09-24 00:33:19.884,2026-09-25 00:33:16.617,Closed,"2026-09-24, 2026-09-25",1,2026-09-24 22:40:00.056,2026-09-24 22:40:00.056,2026-10-05 22:50:50.271,2026-10-05 22:50:50.271,Open,2026-10-05,20,2026-09-24 00:00:00.045,2026-09-24 22:40:00.056,2026-09-24 00:33:19.884,2026-10-05 22:50:50.271,Closed,"2026-09-24, 2026-10-05",Unknown,Closed,Blocked,Closed,Blocked,DepositBlockReason.vault_deposits_closed,2026-09-24,2026-09-23 20:33:14.272,legacy_price_timestamp,fb7f5f358a379121eb6aae51b46cf8451985a9cf85dba64a7ae460b59d67e88f,,,Vault deposits disabled by leader,,3.4460355555555555,True,Closed,Blocked,DepositBlockReason.vault_deposits_closed,2026-09-24,2026-09-23 20:33:14.272,legacy_price_timestamp,fb7f5f358a379121eb6aae51b46cf8451985a9cf85dba64a7ae460b59d67e88f,,,Vault deposits disabled by leader,,3.4460355555555555,True
2026-09-25,19,2026-09-25 00:33:14.950,2026-09-25 23:06:13.287,2026-09-25 00:33:16.617,2026-09-26 01:36:40.538,Closed,"2026-09-25, 2026-09-26",1,2026-09-25 23:06:13.287,2026-09-25 23:06:13.287,2026-10-05 22:50:50.271,2026-10-05 22:50:50.271,Open,2026-10-05,19,2026-09-25 00:33:14.950,2026-09-25 23:06:13.287,2026-09-25 00:33:16.617,2026-10-05 22:50:50.271,Closed,"2026-09-25, 2026-09-26, 2026-10-05",Unknown,Closed,Blocked,Closed,Blocked,DepositBlockReason.vault_deposits_closed,2026-09-25,2026-09-24 20:33:19.846,legacy_price_timestamp,21d2021c86c81e141007fe0b3c39583899a0cd581ffd3251e86aa81cfa234fff,,,Vault deposits disabled by leader,,3.4444872222222225,True,Closed,Blocked,DepositBlockReason.vault_deposits_closed,2026-09-25,2026-09-24 20:33:19.846,legacy_price_timestamp,21d2021c86c81e141007fe0b3c39583899a0cd581ffd3251e86aa81cfa234fff,,,Vault deposits disabled by leader,,3.4444872222222225,True
2026-09-26,17,2026-09-26 01:20:00.117,2026-09-26 22:24:33.444,2026-09-26 01:36:40.538,2026-09-26 22:25:28.321,Closed,2026-09-26,1,2026-09-26 22:00:00.014,2026-09-26 22:00:00.014,2026-10-05 22:50:50.271,2026-10-05 22:50:50.271,Open,2026-10-05,17,2026-09-26 01:20:00.117,2026-09-26 22:24:33.444,2026-09-26 01:36:40.538,2026-10-05 22:50:50.271,Closed,"2026-09-26, 2026-10-05",Unknown,Closed,Blocked,Closed,Blocked,DepositBlockReason.vault_deposits_closed,2026-09-26,2026-09-25 21:40:18.242,legacy_price_timestamp,df2984a465d337bd51952b9983a117bdf5350f7b8376762b863372edb146d358,,,Vault deposits disabled by leader,,2.328266111111111,True,Closed,Blocked,DepositBlockReason.vault_deposits_closed,2026-09-26,2026-09-25 21:40:18.242,legacy_price_timestamp,df2984a465d337bd51952b9983a117bdf5350f7b8376762b863372edb146d358,,,Vault deposits disabled by leader,,2.328266111111111,True
2026-09-27,18,2026-09-27 00:00:00.067,2026-09-27 22:24:44.517,2026-09-27 02:24:46.857,2026-09-27 22:25:03.857,Closed,2026-09-27,2,2026-09-27 14:40:00.038,2026-09-27 22:00:00.030,2026-10-05 22:50:50.271,2026-10-05 22:50:50.271,Open,2026-10-05,18,2026-09-27 00:00:00.067,2026-09-27 22:24:44.517,2026-09-27 02:24:46.857,2026-10-05 22:50:50.271,Closed,"2026-09-27, 2026-10-05",Unknown,Closed,Blocked,Closed,Blocked,DepositBlockReason.vault_deposits_closed,2026-09-27,2026-09-26 22:24:33.444,legacy_price_timestamp,ebbef54dfa1b05f619cd2bc990165f8df1e7f89cf9a21b5c9c792df55e73fadf,,,Vault deposits disabled by leader,,1.5907099999999998,True,Closed,Blocked,DepositBlockReason.vault_deposits_closed,2026-09-27,2026-09-26 22:24:33.444,legacy_price_timestamp,ebbef54dfa1b05f619cd2bc990165f8df1e7f89cf9a21b5c9c792df55e73fadf,,,Vault deposits disabled by leader,,1.5907099999999998,True
2026-09-28,18,2026-09-28 00:20:00.049,2026-09-28 23:33:26.050,2026-09-28 02:24:44.517,2026-09-28 23:34:22.653,Closed,2026-09-28,2,2026-09-28 08:40:00.077,2026-09-28 22:40:00.009,2026-10-05 22:50:50.271,2026-10-05 22:50:50.271,Open,2026-10-05,18,2026-09-28 00:20:00.049,2026-09-28 23:33:26.050,2026-09-28 02:24:44.517,2026-10-05 22:50:50.271,Closed,"2026-09-28, 2026-10-05",Unknown,Closed,Blocked,Closed,Blocked,DepositBlockReason.vault_deposits_closed,2026-09-28,2026-09-27 22:24:44.517,legacy_price_timestamp,49f837d639b1c2f37c297ce52e626b7d60ee069b9bbafeda62258ab85b3aefa9,,,Vault deposits disabled by leader,,1.5876341666666667,True,Closed,Blocked,DepositBlockReason.vault_deposits_closed,2026-09-28,2026-09-27 22:24:44.517,legacy_price_timestamp,49f837d639b1c2f37c297ce52e626b7d60ee069b9bbafeda62258ab85b3aefa9,,,Vault deposits disabled by leader,,1.5876341666666667,True
2026-09-29,19,2026-09-29 00:40:00.037,2026-09-29 23:45:51.361,2026-09-29 03:33:41.817,2026-09-29 23:45:54.683,Closed,2026-09-29,8,2026-09-29 02:26:06.872,2026-09-29 22:20:00.031,2026-10-05 22:50:50.271,2026-10-05 22:50:50.271,Open,2026-10-05,19,2026-09-29 00:40:00.037,2026-09-29 23:45:51.361,2026-09-29 03:33:41.817,2026-10-05 22:50:50.271,Closed,"2026-09-29, 2026-10-05",Unknown,Closed,Blocked,Closed,Blocked,DepositBlockReason.vault_deposits_closed,2026-09-29,2026-09-28 23:33:26.050,legacy_price_timestamp,9665322735c815a764e43cd31dac16f1cf0ee515726b4c6db9cc8ffc9eebcade,,,Vault deposits disabled by leader,,0.4427638888888889,True,Closed,Blocked,DepositBlockReason.vault_deposits_closed,2026-09-29,2026-09-28 23:33:26.050,legacy_price_timestamp,9665322735c815a764e43cd31dac16f1cf0ee515726b4c6db9cc8ffc9eebcade,,,Vault deposits disabled by leader,,0.4427638888888889,True
2026-09-30,17,2026-09-30 00:40:00.031,2026-09-30 22:03:40.203,2026-09-30 03:46:41.105,2026-10-01 01:35:22.402,Closed,"2026-09-30, 2026-10-01",8,2026-09-30 02:40:00.034,2026-09-30 22:03:40.203,2026-10-05 22:50:50.271,2026-10-05 22:50:50.271,Open,2026-10-05,17,2026-09-30 00:40:00.031,2026-09-30 22:03:40.203,2026-09-30 03:46:41.105,2026-10-05 22:50:50.271,Closed,"2026-09-30, 2026-10-05",Unknown,Closed,Blocked,Closed,Blocked,DepositBlockReason.vault_deposits_closed,2026-09-30,2026-09-29 23:45:51.361,legacy_price_timestamp,e0cf9ebc076025da21098e679eae025e0685043bb7c905103fb95a9bc081cd87,,,Vault deposits disabled by leader,,0.23573305555555557,True,Closed,Blocked,DepositBlockReason.vault_deposits_closed,2026-09-30,,legacy_closure_bounded,fbfb7ccfdb2014fe14699b78cbf2fd53bc8ae454c85dd4526f903078d7535553,,2026-09-30,Vault deposits disabled by leader,,,True
2026-10-01,17,2026-10-01 00:20:00.022,2026-10-01 23:00:00.041,2026-10-01 01:35:22.402,2026-10-02 00:26:54.233,Closed,"2026-10-01, 2026-10-02",8,2026-10-01 02:20:00.031,2026-10-01 23:00:00.041,2026-10-05 22:50:50.271,2026-10-05 22:50:50.271,Open,2026-10-05,17,2026-10-01 00:20:00.022,2026-10-01 23:00:00.041,2026-10-01 01:35:22.402,2026-10-05 22:50:50.271,Closed,"2026-10-01, 2026-10-02, 2026-10-05",Unknown,Closed,Blocked,Closed,Blocked,DepositBlockReason.vault_deposits_closed,2026-10-01,2026-09-30 21:23:50.951,legacy_price_timestamp,9764d750d5eaaf9970f9a0e327af19cfd835c41f30feedac9650a052e85b82d5,,,Vault deposits disabled by leader,,2.6025136111111116,True,Closed,Blocked,DepositBlockReason.vault_deposits_closed,2026-10-01,,legacy_closure_bounded,ff9b4d3ec755607da2fcf7ad5961ead3f7f6d6a3d0185d80bfd55088c2a32ca3,,2026-10-01,Vault deposits disabled by leader,,,True
2026-10-02,17,2026-10-02 00:26:34.923,2026-10-02 22:20:00.030,2026-10-02 00:26:54.233,2026-10-03 01:29:33.413,Closed,"2026-10-02, 2026-10-03",8,2026-10-02 01:00:00.060,2026-10-02 22:20:00.030,2026-10-05 22:50:50.271,2026-10-05 22:50:50.271,Open,2026-10-05,17,2026-10-02 00:26:34.923,2026-10-02 22:20:00.030,2026-10-02 00:26:54.233,2026-10-05 22:50:50.271,Closed,"2026-10-02, 2026-10-05",Unknown,Closed,Blocked,Closed,Blocked,DepositBlockReason.vault_deposits_closed,2026-10-02,2026-10-01 20:10:59.586,legacy_price_timestamp,e13efc36ec495c97c7c04cb9b167e3ee8ceb6450978c306091e2fb7cb275d2a1,,,Vault deposits disabled by leader,,3.816781666666667,True,Closed,Blocked,DepositBlockReason.vault_deposits_closed,2026-10-02,,legacy_closure_bounded,f9ff22ff3d7894e879c732a7c27214a1a18dfba61fb368a11e3b714e5a64885c,,2026-10-02,Vault deposits disabled by leader,,,True
2026-10-03,17,2026-10-03 00:40:00.046,2026-10-03 22:00:00.078,2026-10-03 01:29:33.413,2026-10-04 01:48:45.236,Closed,"2026-10-03, 2026-10-04",9,2026-10-03 00:40:00.046,2026-10-03 22:00:00.078,2026-10-05 22:50:50.271,2026-10-05 22:50:50.271,Open,2026-10-05,17,2026-10-03 00:40:00.046,2026-10-03 22:00:00.078,2026-10-03 01:29:33.413,2026-10-05 22:50:50.271,Closed,"2026-10-03, 2026-10-05",Unknown,Closed,Blocked,Closed,Blocked,DepositBlockReason.vault_deposits_closed,2026-10-03,2026-10-02 21:28:15.378,legacy_price_timestamp,d9d0a555e029c99ab5caf7b9a9c833a7346762e54bd7f08b6236870e4a32e8f5,,,Vault deposits disabled by leader,,2.5290616666666663,True,Closed,Blocked,DepositBlockReason.vault_deposits_closed,2026-10-03,,legacy_closure_bounded,f8e19cd289bc43350dfc01d4b01b95ac02e7790180a00d75f9f4bc85cbccca0d,,2026-10-03,Vault deposits disabled by leader,,,True
2026-10-04,17,2026-10-04 00:20:00.013,2026-10-04 22:00:00.014,2026-10-04 01:48:45.236,2026-10-05 01:48:04.777,Closed,"2026-10-04, 2026-10-05",8,2026-10-04 00:20:00.013,2026-10-04 22:00:00.014,2026-10-05 22:50:50.271,2026-10-05 22:50:50.271,Open,2026-10-05,17,2026-10-04 00:20:00.013,2026-10-04 22:00:00.014,2026-10-04 01:48:45.236,2026-10-05 22:50:50.271,Closed,"2026-10-04, 2026-10-05",Unknown,Closed,Blocked,Closed,Blocked,DepositBlockReason.vault_deposits_closed,2026-10-04,2026-10-03 21:47:19.486,legacy_price_timestamp,654a27eb5d73e6b1d67887bb0390456f7459662b6c34378ac43c9608698d1ed8,,,Vault deposits disabled by leader,,2.211253888888889,True,Closed,Blocked,DepositBlockReason.vault_deposits_closed,2026-10-04,,legacy_closure_bounded,fb7c20c2af0e7ea71bfa40aec98b95e0343dee659bdb586628326f80213afc08,,2026-10-04,Vault deposits disabled by leader,,,True
2026-10-05,2,2026-10-05 00:00:00.121,2026-10-05 01:47:40.423,2026-10-05 01:48:04.777,2026-10-05 01:48:04.777,Closed,2026-10-05,13,2026-10-05 00:00:00.121,2026-10-05 23:20:00.033,2026-10-05 22:50:50.271,2026-10-06 02:51:28.503,Open and Closed,"2026-10-05, 2026-10-06",13,2026-10-05 00:00:00.121,2026-10-05 22:50:34.859,2026-10-05 01:48:04.777,2026-10-05 22:50:50.271,Closed,2026-10-05,Unknown,Closed,Blocked,Closed,Blocked,DepositBlockReason.vault_deposits_closed,2026-10-05,2026-10-04 22:00:00.014,legacy_price_timestamp,3126abaa5c77cee60bcc23a00bf5f3d1f58344bb85dfdbeac28f15c655ceeec6,,,Vault deposits disabled by leader,,1.999996111111111,True,Closed,Blocked,DepositBlockReason.vault_deposits_closed,2026-10-05,,legacy_closure_bounded,f61feed64fca957a4fb9525562b685b32efab811b98274dbfab58c97a89b167c,,2026-10-05,Vault deposits disabled by leader,,,True
2026-10-06,0,,,,,—,—,5,2026-10-06 01:40:00.028,2026-10-06 06:53:33.135,2026-10-06 02:51:28.503,2026-10-06 06:53:34.527,Closed,2026-10-06,0,,,,,—,—,Closed,Closed,Blocked,Closed,Blocked,DepositBlockReason.vault_deposits_closed,2026-10-06,2026-10-05 01:47:40.423,legacy_price_timestamp,097d3109237a36be04b8edec7a24a253960d46cfddfb095f149851c45af3f60a,,,Vault deposits disabled by leader,,22.205438055555557,True,Closed,Blocked,DepositBlockReason.vault_deposits_closed,2026-10-06,,legacy_closure_bounded,fdedff64beabf94b64013504773b197960804455c8dc2fe56b9d07102bcb5b3a,,2026-10-06,Vault deposits disabled by leader,,,True
2026-10-07,0,,,,,—,—,0,,,,,—,—,0,,,,,—,—,Not evaluated,Not evaluated,Not evaluated,Not evaluated,Not evaluated,,,,,,,,,,,True,Not evaluated,Not evaluated,,,,,,,,,,,True
2026-10-08,0,,,,,—,—,0,,,,,—,—,0,,,,,—,—,Not evaluated,Not evaluated,Not evaluated,Not evaluated,Not evaluated,,,,,,,,,,,True,Not evaluated,Not evaluated,,,,,,,,,,,True
2026-10-09,0,,,,,—,—,0,,,,,—,—,0,,,,,—,—,Not evaluated,Not evaluated,Not evaluated,Not evaluated,Not evaluated,,,,,,,,,,,True,Not evaluated,Not evaluated,,,,,,,,,,,True
2026-10-10,0,,,,,—,—,0,,,,,—,—,0,,,,,—,—,Not evaluated,Not evaluated,Not evaluated,Not evaluated,Not evaluated,,,,,,,,,,,True,Not evaluated,Not evaluated,,,,,,,,,,,True
2026-10-11,0,,,,,—,—,0,,,,,—,—,0,,,,,—,—,Not evaluated,Not evaluated,Not evaluated,Not evaluated,Not evaluated,,,,,,,,,,,True,Not evaluated,Not evaluated,,,,,,,,,,,True
2026-10-12,0,,,,,—,—,0,,,,,—,—,0,,,,,—,—,Not evaluated,Not evaluated,Not evaluated,Not evaluated,Not evaluated,,,,,,,,,,,True,Not evaluated,Not evaluated,,,,,,,,,,,True
2026-10-13,0,,,,,—,—,0,,,,,—,—,0,,,,,—,—,Not evaluated,Not evaluated,Not evaluated,Not evaluated,Not evaluated,,,,,,,,,,,True,Not evaluated,Not evaluated,,,,,,,,,,,True
2026-10-14,0,,,,,—,—,0,,,,,—,—,0,,,,,—,—,Not evaluated,Not evaluated,Not evaluated,Not evaluated,Not evaluated,,,,,,,,,,,True,Not evaluated,Not evaluated,,,,,,,,,,,True
2026-10-15,0,,,,,—,—,0,,,,,—,—,0,,,,,—,—,Not evaluated,Not evaluated,Not evaluated,Not evaluated,Not evaluated,,,,,,,,,,,True,Not evaluated,Not evaluated,,,,,,,,,,,True
2026-10-16,0,,,,,—,—,0,,,,,—,—,0,,,,,—,—,Not evaluated,Not evaluated,Not evaluated,Not evaluated,Not evaluated,,,,,,,,,,,True,Not evaluated,Not evaluated,,,,,,,,,,,True
2026-10-17,0,,,,,—,—,0,,,,,—,—,0,,,,,—,—,Not evaluated,Not evaluated,Not evaluated,Not evaluated,Not evaluated,,,,,,,,,,,True,Not evaluated,Not evaluated,,,,,,,,,,,True
2026-10-18,0,,,,,—,—,0,,,,,—,—,0,,,,,—,—,Not evaluated,Not evaluated,Not evaluated,Not evaluated,Not evaluated,,,,,,,,,,,True,Not evaluated,Not evaluated,,,,,,,,,,,True
2026-10-19,0,,,,,—,—,0,,,,,—,—,0,,,,,—,—,Not evaluated,Not evaluated,Not evaluated,Not evaluated,Not evaluated,,,,,,,,,,,True,Not evaluated,Not evaluated,,,,,,,,,,,True
2026-10-20,0,,,,,—,—,0,,,,,—,—,0,,,,,—,—,Not evaluated,Not evaluated,Not evaluated,Not evaluated,Not evaluated,,,,,,,,,,,True,Not evaluated,Not evaluated,,,,,,,,,,,True
2026-10-21,0,,,,,—,—,0,,,,,—,—,0,,,,,—,—,Not evaluated,Not evaluated,Not evaluated,Not evaluated,Not evaluated,,,,,,,,,,,True,Not evaluated,Not evaluated,,,,,,,,,,,True
2026-10-22,0,,,,,—,—,0,,,,,—,—,0,,,,,—,—,Not evaluated,Not evaluated,Not evaluated,Not evaluated,Not evaluated,,,,,,,,,,,True,Not evaluated,Not evaluated,,,,,,,,,,,True
2026-10-23,0,,,,,—,—,0,,,,,—,—,0,,,,,—,—,Not evaluated,Not evaluated,Not evaluated,Not evaluated,Not evaluated,,,,,,,,,,,True,Not evaluated,Not evaluated,,,,,,,,,,,True
2026-10-24,0,,,,,—,—,0,,,,,—,—,0,,,,,—,—,Not evaluated,Not evaluated,Not evaluated,Not evaluated,Not evaluated,,,,,,,,,,,True,Not evaluated,Not evaluated,,,,,,,,,,,True
2026-10-25,0,,,,,—,—,0,,,,,—,—,0,,,,,—,—,Not evaluated,Not evaluated,Not evaluated,Not evaluated,Not evaluated,,,,,,,,,,,True,Not evaluated,Not evaluated,,,,,,,,,,,True
2026-10-26,0,,,,,—,—,0,,,,,—,—,0,,,,,—,—,Not evaluated,Not evaluated,Not evaluated,Not evaluated,Not evaluated,,,,,,,,,,,True,Not evaluated,Not evaluated,,,,,,,,,,,True
2026-10-27,0,,,,,—,—,0,,,,,—,—,0,,,,,—,—,Not evaluated,Not evaluated,Not evaluated,Not evaluated,Not evaluated,,,,,,,,,,,True,Not evaluated,Not evaluated,,,,,,,,,,,True
2026-10-28,0,,,,,—,—,0,,,,,—,—,0,,,,,—,—,Not evaluated,Not evaluated,Not evaluated,Not evaluated,Not evaluated,,,,,,,,,,,True,Not evaluated,Not evaluated,,,,,,,,,,,True
2026-10-29,0,,,,,—,—,0,,,,,—,—,0,,,,,—,—,Not evaluated,Not evaluated,Not evaluated,Not evaluated,Not evaluated,,,,,,,,,,,True,Not evaluated,Not evaluated,,,,,,,,,,,True
2026-10-30,0,,,,,—,—,0,,,,,—,—,0,,,,,—,—,Not evaluated,Not evaluated,Not evaluated,Not evaluated,Not evaluated,,,,,,,,,,,True,Not evaluated,Not evaluated,,,,,,,,,,,True
2026-10-31,0,,,,,—,—,0,,,,,—,—,0,,,,,—,—,Not evaluated,Not evaluated,Not evaluated,Not evaluated,Not evaluated,,,,,,,,,,,True,Not evaluated,Not evaluated,,,,,,,,,,,True
2026-11-01,0,,,,,—,—,0,,,,,—,—,0,,,,,—,—,Not evaluated,Not evaluated,Not evaluated,Not evaluated,Not evaluated,,,,,,,,,,,True,Not evaluated,Not evaluated,,,,,,,,,,,True
2026-11-02,0,,,,,—,—,0,,,,,—,—,0,,,,,—,—,Not evaluated,Not evaluated,Not evaluated,Not evaluated,Not evaluated,,,,,,,,,,,True,Not evaluated,Not evaluated,,,,,,,,,,,True
2026-11-03,0,,,,,—,—,0,,,,,—,—,0,,,,,—,—,Not evaluated,Not evaluated,Not evaluated,Not evaluated,Not evaluated,,,,,,,,,,,True,Not evaluated,Not evaluated,,,,,,,,,,,True
2026-11-04,0,,,,,—,—,0,,,,,—,—,0,,,,,—,—,Not evaluated,Not evaluated,Not evaluated,Not evaluated,Not evaluated,,,,,,,,,,,True,Not evaluated,Not evaluated,,,,,,,,,,,True
2026-11-05,0,,,,,—,—,0,,,,,—,—,0,,,,,—,—,Not evaluated,Not evaluated,Not evaluated,Not evaluated,Not evaluated,,,,,,,,,,,True,Not evaluated,Not evaluated,,,,,,,,,,,True
2026-11-06,0,,,,,—,—,0,,,,,—,—,0,,,,,—,—,Not evaluated,Not evaluated,Not evaluated,Not evaluated,Not evaluated,,,,,,,,,,,True,Not evaluated,Not evaluated,,,,,,,,,,,True
2026-11-07,0,,,,,—,—,0,,,,,—,—,0,,,,,—,—,Not evaluated,Not evaluated,Not evaluated,Not evaluated,Not evaluated,,,,,,,,,,,True,Not evaluated,Not evaluated,,,,,,,,,,,True
2026-11-08,0,,,,,—,—,0,,,,,—,—,0,,,,,—,—,Not evaluated,Not evaluated,Not evaluated,Not evaluated,Not evaluated,,,,,,,,,,,True,Not evaluated,Not evaluated,,,,,,,,,,,True
2026-11-09,0,,,,,—,—,0,,,,,—,—,0,,,,,—,—,Not evaluated,Not evaluated,Not evaluated,Not evaluated,Not evaluated,,,,,,,,,,,True,Not evaluated,Not evaluated,,,,,,,,,,,True
2026-11-10,0,,,,,—,—,0,,,,,—,—,0,,,,,—,—,Not evaluated,Not evaluated,Not evaluated,Not evaluated,Not evaluated,,,,,,,,,,,True,Not evaluated,Not evaluated,,,,,,,,,,,True
2026-11-11,0,,,,,—,—,0,,,,,—,—,0,,,,,—,—,Not evaluated,Not evaluated,Not evaluated,Not evaluated,Not evaluated,,,,,,,,,,,True,Not evaluated,Not evaluated,,,,,,,,,,,True
2026-11-12,0,,,,,—,—,0,,,,,—,—,0,,,,,—,—,Not evaluated,Not evaluated,Not evaluated,Not evaluated,Not evaluated,,,,,,,,,,,True,Not evaluated,Not evaluated,,,,,,,,,,,True
2026-11-13,0,,,,,—,—,0,,,,,—,—,0,,,,,—,—,Not evaluated,Not evaluated,Not evaluated,Not evaluated,Not evaluated,,,,,,,,,,,True,Not evaluated,Not evaluated,,,,,,,,,,,True
2026-11-14,0,,,,,—,—,0,,,,,—,—,0,,,,,—,—,Not evaluated,Not evaluated,Not evaluated,Not evaluated,Not evaluated,,,,,,,,,,,True,Not evaluated,Not evaluated,,,,,,,,,,,True
2026-11-15,0,,,,,—,—,0,,,,,—,—,0,,,,,—,—,Not evaluated,Not evaluated,Not evaluated,Not evaluated,Not evaluated,,,,,,,,,,,True,Not evaluated,Not evaluated,,,,,,,,,,,True
2026-11-16,0,,,,,—,—,0,,,,,—,—,0,,,,,—,—,Not evaluated,Not evaluated,Not evaluated,Not evaluated,Not evaluated,,,,,,,,,,,True,Not evaluated,Not evaluated,,,,,,,,,,,True
2026-11-17,0,,,,,—,—,0,,,,,—,—,0,,,,,—,—,Not evaluated,Not evaluated,Not evaluated,Not evaluated,Not evaluated,,,,,,,,,,,True,Not evaluated,Not evaluated,,,,,,,,,,,True
2026-11-18,0,,,,,—,—,0,,,,,—,—,0,,,,,—,—,Not evaluated,Not evaluated,Not evaluated,Not evaluated,Not evaluated,,,,,,,,,,,True,Not evaluated,Not evaluated,,,,,,,,,,,True
2026-11-19,0,,,,,—,—,0,,,,,—,—,0,,,,,—,—,Not evaluated,Not evaluated,Not evaluated,Not evaluated,Not evaluated,,,,,,,,,,,True,Not evaluated,Not evaluated,,,,,,,,,,,True
2026-11-20,0,,,,,—,—,0,,,,,—,—,0,,,,,—,—,Not evaluated,Not evaluated,Not evaluated,Not evaluated,Not evaluated,,,,,,,,,,,True,Not evaluated,Not evaluated,,,,,,,,,,,True
2026-11-21,0,,,,,—,—,0,,,,,—,—,0,,,,,—,—,Not evaluated,Not evaluated,Not evaluated,Not evaluated,Not evaluated,,,,,,,,,,,True,Not evaluated,Not evaluated,,,,,,,,,,,True
2026-11-22,0,,,,,—,—,0,,,,,—,—,0,,,,,—,—,Not evaluated,Not evaluated,Not evaluated,Not evaluated,Not evaluated,,,,,,,,,,,True,Not evaluated,Not evaluated,,,,,,,,,,,True
2026-11-23,0,,,,,—,—,0,,,,,—,—,0,,,,,—,—,Not evaluated,Not evaluated,Not evaluated,Not evaluated,Not evaluated,,,,,,,,,,,True,Not evaluated,Not evaluated,,,,,,,,,,,True
2026-11-24,0,,,,,—,—,0,,,,,—,—,0,,,,,—,—,Not evaluated,Not evaluated,Not evaluated,Not evaluated,Not evaluated,,,,,,,,,,,True,Not evaluated,Not evaluated,,,,,,,,,,,True
2026-11-25,0,,,,,—,—,0,,,,,—,—,0,,,,,—,—,Not evaluated,Not evaluated,Not evaluated,Not evaluated,Not evaluated,,,,,,,,,,,True,Not evaluated,Not evaluated,,,,,,,,,,,True
2026-11-26,0,,,,,—,—,0,,,,,—,—,0,,,,,—,—,Not evaluated,Not evaluated,Not evaluated,Not evaluated,Not evaluated,,,,,,,,,,,True,Not evaluated,Not evaluated,,,,,,,,,,,True
2026-11-27,0,,,,,—,—,0,,,,,—,—,0,,,,,—,—,Not evaluated,Not evaluated,Not evaluated,Not evaluated,Not evaluated,,,,,,,,,,,True,Not evaluated,Not evaluated,,,,,,,,,,,True
2026-11-28,0,,,,,—,—,0,,,,,—,—,0,,,,,—,—,Not evaluated,Not evaluated,Not evaluated,Not evaluated,Not evaluated,,,,,,,,,,,True,Not evaluated,Not evaluated,,,,,,,,,,,True
2026-11-29,0,,,,,—,—,0,,,,,—,—,0,,,,,—,—,Not evaluated,Not evaluated,Not evaluated,Not evaluated,Not evaluated,,,,,,,,,,,True,Not evaluated,Not evaluated,,,,,,,,,,,True
2026-11-30,0,,,,,—,—,0,,,,,—,—,0,,,,,—,—,Not evaluated,Not evaluated,Not evaluated,Not evaluated,Not evaluated,,,,,,,,,,,True,Not evaluated,Not evaluated,,,,,,,,,,,True
2026-12-01,0,,,,,—,—,0,,,,,—,—,0,,,,,—,—,Not evaluated,Not evaluated,Not evaluated,Not evaluated,Not evaluated,,,,,,,,,,,True,Not evaluated,Not evaluated,,,,,,,,,,,True
2026-12-02,0,,,,,—,—,0,,,,,—,—,0,,,,,—,—,Not evaluated,Not evaluated,Not evaluated,Not evaluated,Not evaluated,,,,,,,,,,,True,Not evaluated,Not evaluated,,,,,,,,,,,True
2026-12-03,0,,,,,—,—,0,,,,,—,—,0,,,,,—,—,Not evaluated,Not evaluated,Not evaluated,Not evaluated,Not evaluated,,,,,,,,,,,True,Not evaluated,Not evaluated,,,,,,,,,,,True
2026-12-04,0,,,,,—,—,0,,,,,—,—,0,,,,,—,—,Not evaluated,Not evaluated,Not evaluated,Not evaluated,Not evaluated,,,,,,,,,,,True,Not evaluated,Not evaluated,,,,,,,,,,,True
2026-12-05,0,,,,,—,—,0,,,,,—,—,0,,,,,—,—,Not evaluated,Not evaluated,Not evaluated,Not evaluated,Not evaluated,,,,,,,,,,,True,Not evaluated,Not evaluated,,,,,,,,,,,True
2026-12-06,0,,,,,—,—,0,,,,,—,—,0,,,,,—,—,Not evaluated,Not evaluated,Not evaluated,Not evaluated,Not evaluated,,,,,,,,,,,True,Not evaluated,Not evaluated,,,,,,,,,,,True
2026-12-07,0,,,,,—,—,0,,,,,—,—,0,,,,,—,—,Not evaluated,Not evaluated,Not evaluated,Not evaluated,Not evaluated,,,,,,,,,,,True,Not evaluated,Not evaluated,,,,,,,,,,,True
2026-12-08,0,,,,,—,—,0,,,,,—,—,0,,,,,—,—,Not evaluated,Not evaluated,Not evaluated,Not evaluated,Not evaluated,,,,,,,,,,,True,Not evaluated,Not evaluated,,,,,,,,,,,True
2026-12-09,0,,,,,—,—,0,,,,,—,—,0,,,,,—,—,Not evaluated,Not evaluated,Not evaluated,Not evaluated,Not evaluated,,,,,,,,,,,True,Not evaluated,Not evaluated,,,,,,,,,,,True
2026-12-10,0,,,,,—,—,0,,,,,—,—,0,,,,,—,—,Not evaluated,Not evaluated,Not evaluated,Not evaluated,Not evaluated,,,,,,,,,,,True,Not evaluated,Not evaluated,,,,,,,,,,,True
2026-12-11,0,,,,,—,—,0,,,,,—,—,0,,,,,—,—,Not evaluated,Not evaluated,Not evaluated,Not evaluated,Not evaluated,,,,,,,,,,,True,Not evaluated,Not evaluated,,,,,,,,,,,True
2026-12-12,0,,,,,—,—,0,,,,,—,—,0,,,,,—,—,Not evaluated,Not evaluated,Not evaluated,Not evaluated,Not evaluated,,,,,,,,,,,True,Not evaluated,Not evaluated,,,,,,,,,,,True
2026-12-13,0,,,,,—,—,0,,,,,—,—,0,,,,,—,—,Not evaluated,Not evaluated,Not evaluated,Not evaluated,Not evaluated,,,,,,,,,,,True,Not evaluated,Not evaluated,,,,,,,,,,,True
2026-12-14,0,,,,,—,—,0,,,,,—,—,0,,,,,—,—,Not evaluated,Not evaluated,Not evaluated,Not evaluated,Not evaluated,,,,,,,,,,,True,Not evaluated,Not evaluated,,,,,,,,,,,True
2026-12-15,0,,,,,—,—,0,,,,,—,—,0,,,,,—,—,Not evaluated,Not evaluated,Not evaluated,Not evaluated,Not evaluated,,,,,,,,,,,True,Not evaluated,Not evaluated,,,,,,,,,,,True
2026-12-16,0,,,,,—,—,0,,,,,—,—,0,,,,,—,—,Not evaluated,Not evaluated,Not evaluated,Not evaluated,Not evaluated,,,,,,,,,,,True,Not evaluated,Not evaluated,,,,,,,,,,,True
2026-12-17,0,,,,,—,—,0,,,,,—,—,0,,,,,—,—,Not evaluated,Not evaluated,Not evaluated,Not evaluated,Not evaluated,,,,,,,,,,,True,Not evaluated,Not evaluated,,,,,,,,,,,True
2026-12-18,0,,,,,—,—,0,,,,,—,—,0,,,,,—,—,Not evaluated,Not evaluated,Not evaluated,Not evaluated,Not evaluated,,,,,,,,,,,True,Not evaluated,Not evaluated,,,,,,,,,,,True
2026-12-19,0,,,,,—,—,0,,,,,—,—,0,,,,,—,—,Not evaluated,Not evaluated,Not evaluated,Not evaluated,Not evaluated,,,,,,,,,,,True,Not evaluated,Not evaluated,,,,,,,,,,,True
2026-12-20,0,,,,,—,—,0,,,,,—,—,0,,,,,—,—,Not evaluated,Not evaluated,Not evaluated,Not evaluated,Not evaluated,,,,,,,,,,,True,Not evaluated,Not evaluated,,,,,,,,,,,True
2026-12-21,0,,,,,—,—,0,,,,,—,—,0,,,,,—,—,Not evaluated,Not evaluated,Not evaluated,Not evaluated,Not evaluated,,,,,,,,,,,True,Not evaluated,Not evaluated,,,,,,,,,,,True
2026-12-22,0,,,,,—,—,0,,,,,—,—,0,,,,,—,—,Not evaluated,Not evaluated,Not evaluated,Not evaluated,Not evaluated,,,,,,,,,,,True,Not evaluated,Not evaluated,,,,,,,,,,,True
2026-12-23,0,,,,,—,—,0,,,,,—,—,0,,,,,—,—,Not evaluated,Not evaluated,Not evaluated,Not evaluated,Not evaluated,,,,,,,,,,,True,Not evaluated,Not evaluated,,,,,,,,,,,True
2026-12-24,0,,,,,—,—,0,,,,,—,—,0,,,,,—,—,Not evaluated,Not evaluated,Not evaluated,Not evaluated,Not evaluated,,,,,,,,,,,True,Not evaluated,Not evaluated,,,,,,,,,,,True
2026-12-25,0,,,,,—,—,0,,,,,—,—,0,,,,,—,—,Not evaluated,Not evaluated,Not evaluated,Not evaluated,Not evaluated,,,,,,,,,,,True,Not evaluated,Not evaluated,,,,,,,,,,,True
2026-12-26,0,,,,,—,—,0,,,,,—,—,0,,,,,—,—,Not evaluated,Not evaluated,Not evaluated,Not evaluated,Not evaluated,,,,,,,,,,,True,Not evaluated,Not evaluated,,,,,,,,,,,True
2026-12-27,0,,,,,—,—,0,,,,,—,—,0,,,,,—,—,Not evaluated,Not evaluated,Not evaluated,Not evaluated,Not evaluated,,,,,,,,,,,True,Not evaluated,Not evaluated,,,,,,,,,,,True
2026-12-28,0,,,,,—,—,0,,,,,—,—,0,,,,,—,—,Not evaluated,Not evaluated,Not evaluated,Not evaluated,Not evaluated,,,,,,,,,,,True,Not evaluated,Not evaluated,,,,,,,,,,,True
2026-12-29,0,,,,,—,—,0,,,,,—,—,0,,,,,—,—,Not evaluated,Not evaluated,Not evaluated,Not evaluated,Not evaluated,,,,,,,,,,,True,Not evaluated,Not evaluated,,,,,,,,,,,True
2026-12-30,0,,,,,—,—,0,,,,,—,—,0,,,,,—,—,Not evaluated,Not evaluated,Not evaluated,Not evaluated,Not evaluated,,,,,,,,,,,True,Not evaluated,Not evaluated,,,,,,,,,,,True
2026-12-31,0,,,,,—,—,0,,,,,—,—,0,,,,,—,—,Not evaluated,Not evaluated,Not evaluated,Not evaluated,Not evaluated,,,,,,,,,,,True,Not evaluated,Not evaluated,,,,,,,,,,,True
